id,is_hotel,country,currency,city,opening_hours,good_for_family,accept_credit_card,parking,outdoor_seating,wifi,wheelchair_accessible,price1,price2,lat,lng,locale,cdate
fb1171550a7ad65f5533d24345e7677c5353168d,1,tw,TWD,新北市,0,1,1,1,0,1,1,1100,2200,25.2,121.6,zh_TW,2627
8239c2381e09ba5a298eb9ebefa88de9976105a5,0,tw,TWD,新北市,420,1,1,1,0,1,0,300,400,25.0,121.52,zh_TW,2082
85709eabedeb5c761b424baa16db3bccd6144fd4,1,tw,TWD,台中市,1020,1,1,1,0,1,1,563,736,24.23,120.94,zh_TW,2995
8a035d8ccfaae36efff1cdcc6f02f318f35abd64,1,tw,TWD,台中市,2700,1,1,1,0,1,1,379,564,24.14,120.59,zh_TW,2874
56a3a7c9675c5aca5e98ea3d9aa77610ec04183a,0,tw,TWD,台中市,510,1,1,1,0,1,0,499,1000,24.23,120.94,zh_TW,2458
4f9809dc8d71d5554ee3f7d1dfc103430d61b4e0,1,tw,TWD,台中市,480,1,1,1,0,1,0,380,900,24.23,120.94,zh_TW,2374
7914c82d735fa1e956fc707aab3bf9f0d59875d1,1,tw,TWD,台中市,480,1,1,1,0,1,0,658,856,24.21,120.65,zh_TW,2121
d90b1c08c2b92d5aefa740d07ca61ef2eaa220d1,1,tw,TWD,台北市,690,1,1,1,0,0,0,377,543,25.05,121.53,zh_TW,2248
f03cce918e3b5e7f9c4c2eef892aa732b0c19ddb,1,tw,TWD,台南市,480,1,1,1,0,0,1,506,869,23.04,120.24,zh_TW,2731
ce931af6fd49ce6b1292ccbce4f12f04eac1dfbe,1,tw,TWD,新竹市,840,1,1,1,0,1,1,496,703,24.78,121.02,zh_TW,2991
8f66716b1e27403a7274cbf98cf5782083c9ce9a,1,tw,TWD,新竹市,860,1,1,1,0,1,1,641,864,24.81,120.98,zh_TW,2877
4cb5a42d24713b9dea707e2c07a1e849272c20f5,1,tw,TWD,新竹市,930,1,1,1,0,1,1,500,2000,24.81,120.97,zh_TW,2452
bb974967d1f63edbd841a954413027e9d9bf4903,1,tw,TWD,新竹縣,720,1,1,1,0,1,1,880,1100,24.82,121.03,zh_TW,2587
204269fabcb7d62c7cee6fd1a1663ce7072a6882,1,tw,TWD,桃園縣,300,1,1,1,0,1,1,500,1000,25.02,121.31,zh_TW,2375
2fb57cfa4c443f43056edb7c62af18591818fc25,1,tw,TWD,高雄市,600,1,1,1,0,1,0,780,950,22.73,120.41,zh_TW,2397
e2439d1c446b3fd8ab10db5d595e56c0f6330933,1,hk,HKD,香港,780,1,1,0,0,1,0,300,500,22.31,114.17,zh_TW,2233
83e9e5741e3617547fc0a76520eec07ed53511ad,1,hk,HKD,香港,1005,1,1,1,0,1,0,150,450,22.28,114.17,zh_TW,2227
29ea25c786254d91ab28db9505d855795535e3e0,1,hk,HKD,香港,1050,0,0,0,0,0,0,300,500,22.25,114.17,zh_TW,2203
e8889a6a7d9197e66d0dd7889a27c742987b2bc8,1,tw,TWD,高雄市,950,1,1,1,0,1,1,298,400,22.67,120.31,zh_TW,2669
67036ee1eddcc31cd30ce47c8b68735ec2d2a47f,1,tw,TWD,台中市,1800,1,1,1,0,1,0,500,800,24.23,120.94,zh_TW,2374
b8c7583ca49450245366aa45c8f0bd05bf7bdcbb,1,tw,TWD,台北市,330,1,1,0,1,1,0,277,533,25.04,121.62,zh_TW,2785
14087eb2baf89b7671c3bbd14feda0a9a9276b11,0,tw,TWD,台中市,810,1,1,1,0,0,0,448,565,24.18,120.65,zh_TW,2864
417b5dbd79cb7eaabf930e3d098ccc554f451d26,0,tw,TWD,台中市,780,1,1,0,0,0,0,379,533,24.14,120.66,zh_TW,2863
8d6e0bcd450f5766b932bf7222f3427a293068e5,0,tw,TWD,台北市,1140,1,1,0,0,0,0,422,555,25.06,121.54,zh_TW,2865
6164af551911dab2dec39cb305cadc70983c8aad,0,tw,TWD,台北市,1260,1,1,0,0,1,0,419,574,25.09,121.56,zh_TW,2865
d3f7e83a9ca00f7de4e5e6222e932acd58b2d902,0,tw,TWD,台北市,1230,1,1,0,0,1,0,395,539,25.02,121.53,zh_TW,2864
54debb1125015359df574c457ed382da0ce2d5b4,0,tw,TWD,台北市,780,1,1,0,0,0,0,374,532,25.03,121.55,zh_TW,2864
d3292c6f9aef26eff3ae8d4d36bc30757a061316,0,tw,TWD,台北市,0,1,1,0,0,0,0,397,540,25.1,121.52,zh_TW,2863
b206828dca3c2dd219f882d1067d223a7d2f2fed,0,tw,TWD,台北市,630,1,1,0,0,1,0,415,531,25.05,121.56,zh_TW,2863
18b49c02ddbc323a0d6f3dab27781e0681a1be2d,0,tw,TWD,台北市,780,1,1,1,0,0,1,413,520,25.06,121.53,zh_TW,2851
6c0f6a69800f8ec1534692f9506e687d6ac60e3e,0,tw,TWD,台北市,1260,1,1,0,0,1,0,416,562,25.04,121.55,zh_TW,2851
0a0275c0439bcad6baf71fcdb6374db1b98f1936,0,tw,TWD,台北市,690,1,1,1,0,0,0,389,543,25.07,121.53,zh_TW,2851
c58cd36ff657cec43e10c3a10b2ac346ce5badac,0,tw,TWD,台南市,0,1,0,1,0,1,1,450,550,22.99,120.18,zh_TW,2702
31c3c6d399a59d550b43ba00f746e4784d22c8d0,0,tw,TWD,宜蘭縣,1500,1,1,0,0,0,1,374,504,24.75,121.76,zh_TW,2865
fade154167130137419610cbfd084939811e708b,0,tw,TWD,新北市,780,1,0,1,0,1,0,382,528,25.0,121.42,zh_TW,3039
83826b66d6120d049b21cdf1d7560ff025f9b1b4,0,tw,TWD,新北市,780,1,0,1,0,0,0,395,524,24.97,121.54,zh_TW,3005
03d09c8043879c226ca932ccd9d212a279ec5c81,0,tw,TWD,新北市,720,1,1,0,0,1,0,394,527,25.09,121.46,zh_TW,2863
96d0422ab2f4103e82aedba022a76eea56fc9501,0,tw,TWD,新北市,780,1,1,0,0,0,0,388,524,25.17,121.44,zh_TW,2863
15117cc7bb3ddc223f80616d7e07ee2014f82080,0,tw,TWD,新北市,780,1,0,0,0,1,0,400,547,25.07,121.5,zh_TW,2814
f05fab9721afa14181151770b83eae4be7b7465a,0,tw,TWD,桃園縣,1260,1,1,0,0,1,0,381,522,24.96,121.22,zh_TW,2864
369a0d4db62705d4989f6bef3ee291f7cc45f512,0,tw,TWD,桃園縣,840,1,1,0,0,0,1,351,512,24.99,121.31,zh_TW,2864
4cee1e0b44ba326541cd73b4454e0c92817929b7,0,tw,TWD,桃園縣,540,1,0,0,0,0,0,412,610,25.06,121.37,zh_TW,2863
6ad3d5cf309776993ba167e6e53e278468975589,1,tw,TWD,高雄市,630,0,0,0,0,0,0,381,509,22.62,120.3,zh_TW,2864
e0f762a3757c939ebf70b08351d531af8549385b,1,tw,TWD,新北市,1230,1,1,0,0,1,1,688,1688,25.2,121.69,zh_TW,2086
7a4bdd6f9d392334fcec46291d78bd6bc2b8a452,1,tw,TWD,桃園縣,360,1,1,1,0,1,1,462,625,24.96,121.22,zh_TW,3845
c485643401435b411a3a3a09d5d3d1213a8fd88c,0,tw,TWD,台北市,540,1,1,1,0,1,1,405,521,25.09,121.56,zh_TW,3207
fe230aa38ebf31c978d0f58bd6fd5ab9e7ec1e66,1,tw,TWD,台中市,2970,1,1,1,0,1,1,1280,1880,24.16,120.64,zh_TW,2473
64e91e058685e8391ed1248403b1863e82762588,1,tw,TWD,高雄市,780,1,1,1,0,1,0,528,715,22.63,120.3,zh_TW,2115
a028259c3b19c6a5ecf20bdd414ff3a2cb9285ea,1,tw,TWD,新竹市,840,1,1,1,0,1,0,500,800,24.82,120.98,zh_TW,2256
10ac4544f68bc70e4f077a4a8ab57a213ff0225e,0,tw,TWD,高雄市,0,1,1,1,0,1,0,457,593,22.67,120.3,zh_TW,3472
6fdcc6c69e800a100235abfd05423adae4b9dbf1,1,tw,TWD,南投縣,570,1,1,1,1,1,1,787,989,23.87,120.92,zh_TW,3436
e572a63d32338506896fc75facf5cab8a5ec6ded,1,tw,TWD,新北市,450,1,1,1,0,1,1,672,791,25.19,121.68,zh_TW,3766
3f47d2e07cb819918f27eb7237903685d4210374,1,tw,TWD,台北市,810,1,1,1,0,1,1,547,758,25.05,121.52,zh_TW,3132
dea8ce93bfe3b40da0cca953fd9d30811d680373,1,tw,TWD,台北市,1440,1,1,1,0,1,1,1100,1500,25.04,121.56,zh_TW,2467
f7ad4a8663cc07948e6047d3477b88c5ce4441ed,1,tw,TWD,台北市,990,1,1,1,1,1,1,1500,2000,25.04,121.57,zh_TW,2254
2a79b499202e8cc38d9d02225cd2951cc949c7b0,1,tw,TWD,台南市,390,1,1,1,0,1,1,675,870,23.0,120.21,zh_TW,3425
029957684d4dffb49d126a539d48f93418e5fa2b,1,tw,TWD,桃園縣,1050,1,1,1,0,1,1,580,783,25.07,121.22,zh_TW,2827
aba7325e68b497b7a60bc8b8261fc01e05c3a247,1,tw,TWD,苗栗縣,340,1,1,1,0,1,1,349,557,24.69,120.89,zh_TW,3240
7afae6d7a0d8c89a11e34e539249308acafcf2c1,1,hk,HKD,香港,1050,0,1,1,0,1,0,250,300,22.32,114.18,zh_TW,2227
18d16244d581b3fa3dadb97b1f7f53b5a4c015c8,1,tw,TWD,台中市,1620,1,1,1,0,1,0,464,669,24.23,120.94,zh_TW,3847
b954508c39e35069948b783ccaa376fae48e98f2,1,tw,TWD,台中市,1470,1,1,1,0,1,1,500,706,24.18,120.62,zh_TW,3726
df6ee61242a4c2aa7aaaa88783e8e1eecdf841e9,1,tw,TWD,台中市,960,1,1,1,0,1,0,334,472,24.19,120.67,zh_TW,3246
10affa82e2ec7e6b7ee1902d2e40097d50637376,1,tw,TWD,台北市,1290,1,1,1,0,1,0,615,877,25.11,121.53,zh_TW,3831
e62ec915c7340821572fa0d23e6f36d81e76af0e,1,tw,TWD,台北市,540,1,1,1,0,1,0,900,1200,25.06,121.55,zh_TW,3326
7c0079d1f506b211d53c00694577415061d78435,1,tw,TWD,台北市,0,1,1,1,0,1,0,541,722,25.04,121.54,zh_TW,2884
9a72c43ebb1a031d953e687c46a633688a97205c,1,tw,TWD,台北市,480,1,1,1,0,1,1,691,904,25.04,121.54,zh_TW,2884
33c10880da7542ea71c7f3682494825c53a9a0e9,1,tw,TWD,台北市,660,1,1,1,0,0,1,1091,1347,25.05,121.54,zh_TW,2815
a4968b10b53abd061bb07d9a82a6f2d4a3ec8f14,1,tw,TWD,台北市,1140,1,1,1,1,1,1,580,880,25.08,121.56,zh_TW,2251
e3276b5a062be34b4500ec6d65724fd32162ed38,1,tw,TWD,台南市,780,1,1,1,0,0,0,603,775,23.0,120.21,zh_TW,2837
6e72e2484465f493da330e3ac6a0e5516b065d5d,1,tw,TWD,桃園縣,870,1,1,1,0,1,1,580,780,24.99,121.31,zh_TW,3536
d80ca3da415ebfa56577b52eb982f9d204434618,1,tw,TWD,桃園縣,510,1,1,1,0,1,1,346,521,24.96,121.22,zh_TW,3438
1b2bf13a6e89a3d570c68619daa264a65648a385,1,tw,TWD,高雄市,0,1,1,1,0,1,1,700,960,22.62,120.29,zh_TW,2421
87065339cff3a5691fca769a5d60081dfaf46e7b,1,tw,TWD,新北市,570,1,1,1,0,1,0,650,750,25.06,121.64,zh_TW,2431
c0a3f079df0089ad413eb15cf6f3e95ccf0f982f,0,tw,TWD,高雄市,690,1,1,1,0,1,0,418,748,22.62,120.28,zh_TW,2103
c7c8176a9d8a86e042cc49db8fa2bc2838d0d1b0,1,th,THB,%,0,1,1,1,0,1,0,780,1750,13.73,100.57,zh_TW,2138
3cb1d45b10d7bcfd864112f7e88ad14e4abb96c8,1,tw,TWD,上海市,390,0,0,0,0,0,0,1500,2000,31.19,121.39,zh_TW,2909
80f34dd68eecf3445050da92c0262d6131b3d051,1,tw,TWD,上海市,390,0,0,0,0,0,0,1000,1500,31.22,121.45,zh_TW,2909
f3837c4489cc6c4587dfb8a92a060585c182ccc1,1,tw,TWD,台北市,3990,1,1,1,0,1,1,713,976,25.05,121.52,zh_TW,3781
7dc1a4c0508c06e5bdf58ae411da83f57bc9aeda,1,tw,TWD,台北市,660,1,1,1,1,1,1,581,812,25.04,121.51,zh_TW,3311
b7f94cbb8d0ed6ebb0420391e08bdcf27557beda,1,tw,TWD,台北市,180,1,1,1,0,1,1,300,700,25.04,121.56,zh_TW,2467
c1978bdbe451101a8da71c96eff738fca68a0ae6,1,tw,TWD,基隆市,600,1,1,1,0,1,1,475,640,25.13,121.75,zh_TW,2783
7d818d2829ca905756e1d6b92efc07f904ef58a7,1,tw,TWD,花蓮縣,360,1,1,1,0,1,1,748,858,23.99,121.62,zh_TW,3438
d584ebfc3e12c2f28bccc14b98a881432b7ce7dd,1,tw,TWD,高雄市,510,1,1,1,0,1,1,550,800,22.66,120.3,zh_TW,3201
800cbaa68fe445ec62e2b687fa174f993fbc8441,1,tw,TWD,上海市,390,0,0,0,0,0,0,1500,2000,0.0,0.0,zh_TW,2909
4a01f31c45bd7037d45f1fb073788d8505f727d8,1,tw,TWD,台中市,0,1,1,1,0,1,1,494,656,24.14,120.59,zh_TW,2874
35a824d536cf8c92d336bc21846422addb947296,1,tw,TWD,台北市,1260,1,1,0,0,0,0,440,550,25.05,121.53,zh_TW,2248
49f9d4376e89961cc3d2f14b7a35b209fc54997d,1,tw,TWD,新北市,330,1,1,1,0,1,1,405,550,25.0,121.49,zh_TW,3249
f19cdc02d65ce75baf5b3de3140c66cc44f6e20a,1,tw,TWD,台中市,570,1,1,1,0,1,1,300,700,24.18,120.64,zh_TW,2232
6226c66ab55933ea09433a05f01dc2d601b60b4a,1,tw,TWD,高雄市,0,1,1,1,0,1,1,517,702,22.63,120.32,zh_TW,3096
3e83615d94100597091159732a74fb0ff20358c8,0,tw,TWD,台北市,420,1,1,0,0,0,0,355,468,25.04,121.54,zh_TW,3781
414b236ecfce478705a258c181e78bd27ae7e790,0,tw,TWD,台北市,180,1,1,0,0,0,0,342,478,25.02,121.53,zh_TW,3781
affe79ba6ec65803a50bcaf6372a7504601dfa78,0,tw,TWD,台北市,2160,1,1,0,1,0,0,396,525,25.09,121.53,zh_TW,3781
9d205a940791543568c1410911e98a48112c2e97,0,tw,TWD,台北市,1140,1,1,0,0,0,0,374,520,25.06,121.53,zh_TW,3881
e79e3299e09c0516d272263ef848165853ed76da,0,tw,TWD,台北市,2160,1,1,1,0,0,0,462,528,25.01,121.54,zh_TW,2395
3536847261e7951fcfdd5cd5e8f96c80417f080b,0,tw,TWD,台中市,360,1,1,1,0,1,1,362,566,24.13,120.65,zh_TW,2692
e08338ba1d699350daa85de3b846c1e3471f28a8,0,tw,TWD,台中市,720,1,1,1,0,0,1,500,1000,24.04,120.72,zh_TW,2654
b4c2780797423d8fca36379865acede445224d63,1,tw,TWD,台北市,900,1,1,1,0,0,0,517,740,25.04,121.54,zh_TW,2785
5ca9ac6b7e0c3400f8e8fc0f53906394fd3243fa,0,tw,TWD,台北市,720,1,1,1,0,0,1,500,1000,25.05,121.54,zh_TW,2654
babb6bd2f3a5a9309f0df9e4a393a358414dc3da,1,tw,TWD,台北市,825,1,1,1,0,1,1,600,3000,25.05,121.52,zh_TW,2621
e1f9571e47b0fb00ae12d868d8e6d9dd1c8e7342,0,tw,TWD,台北市,660,1,1,0,0,0,0,100,1000,25.05,121.51,zh_TW,2585
1d6055d379b36cc6bdd1d393a7a3e19d21c526ec,0,tw,TWD,台南市,720,1,1,1,0,0,1,500,1000,22.97,120.22,zh_TW,2654
bc538d532a93599c1d0bf5b822c11ad57e290805,0,tw,TWD,新北市,720,1,1,1,0,0,1,500,1000,25.01,121.52,zh_TW,2654
1e56daf32e88b88b945139f0df40096de24eb579,1,tw,TWD,桃園縣,300,1,1,1,0,1,1,250,700,25.02,121.31,zh_TW,2465
9cbc11d2c07147727b98770a5e92fdb76f7c7516,0,tw,TWD,高雄市,1350,1,1,1,0,1,1,500,1000,22.63,120.32,zh_TW,2654
a7684b2f40208dc21e30052ef80e83cee031da93,1,tw,TWD,高雄市,420,1,1,1,0,1,1,500,2000,22.73,120.41,zh_TW,2157
f066338b692b0134f7162e65f6e53461b41817d7,0,tw,TWD,高雄市,960,1,1,0,0,1,1,150,380,22.65,120.35,zh_TW,2095
5fb405851c446ef7983ad20c6b92065aa82b2d05,1,tw,TWD,台北市,420,1,1,1,0,0,1,760,1349,25.05,121.52,zh_TW,3434
358c285b748297f1727a786d6c56166d8f6b331f,1,tw,TWD,台中市,330,1,1,1,0,1,1,473,836,24.18,120.62,zh_TW,3726
4ed3edfb8482155fa1bb6879b0e2119af912dff2,1,tw,TWD,台南市,30,1,0,0,0,0,0,325,425,22.99,120.2,zh_TW,3781
c16962b01ed3e700cd54bc650814a3d1b26261dd,1,tw,TWD,台北市,420,1,1,1,0,1,1,726,1305,25.09,121.56,zh_TW,3781
78c2507877a865e14a65527998dec1837a2289c0,1,tw,TWD,南投縣,380,1,1,1,1,1,1,781,1143,23.87,120.92,zh_TW,3436
cb30291939fbcc65c4af34774c539779f7807ab0,1,tw,TWD,台中市,360,1,1,1,0,1,1,588,1008,24.18,120.62,zh_TW,3726
14338e97c5403ad662fdb9bbf7ee9012154155ba,1,tw,TWD,台南市,390,1,1,1,0,1,0,500,1000,23.04,120.24,zh_TW,3781
62c4215a3b4b9168c82cac978508235f7784ce97,0,tw,TWD,台南市,450,1,1,1,0,1,1,375,500,23.02,120.21,zh_TW,3921
ebf3dce38943fc70ff15e8917fe993d3f53c5ce4,0,tw,TWD,台南市,420,1,1,1,0,1,1,525,1000,22.96,120.22,zh_TW,3691
9a4abfeabf7252071892db363da6ecdc7013fad6,1,tw,TWD,新北市,180,1,1,1,0,1,1,480,880,25.2,121.6,zh_TW,2627
ff07d6093bc79e3da786a89c97bff131c137c74a,0,tw,TWD,台北市,570,1,1,0,0,0,0,411,655,25.04,121.55,zh_TW,3784
fb8973ab817e2ce1c1cd0beae90484781b5ebcf5,0,tw,TWD,台北市,570,1,1,0,0,0,0,380,626,25.06,121.53,zh_TW,3781
77b63b6b71bc10159292683871568371842d6c1d,1,tw,TWD,高雄市,1050,1,1,1,0,1,1,400,610,22.67,120.3,zh_TW,3937
bd632e1d69093140434e9e7e4c3fa7e355340c03,1,tw,TWD,台北市,420,1,1,1,0,1,1,772,1595,25.06,121.53,zh_TW,3710
c0ccf66667e819010a6ae9e98ff12b51b3a0ad66,1,tw,TWD,台北市,1770,1,1,1,0,0,1,800,1321,25.08,121.56,zh_TW,3364
7beebd4b537afebbc0db80a03f083d3758bff02c,0,tw,TWD,台北市,0,1,1,1,0,1,1,670,1056,25.05,121.54,zh_TW,3188
32feb9ac9dec249f56cf5cdfb957a7d9a4c21f17,0,tw,TWD,台北市,480,1,1,1,0,1,1,368,546,25.05,121.54,zh_TW,3188
407436737b5b8ef7494471f7c31c0a5b32d06fc7,1,tw,TWD,台北市,1020,1,1,1,0,0,1,418,627,25.08,121.56,zh_TW,3188
8c3fb8f2e9ba569af19aebdd39b5be75d030e103,0,tw,TWD,台南市,660,1,1,0,1,1,1,220,360,22.98,120.22,zh_TW,3517
8eb2b60d25d45bd3dc43cade91306971b9407358,1,tw,TWD,新北市,360,1,1,1,0,1,1,484,810,25.04,121.46,zh_TW,3438
60c6b0646a5c0806beca6aa92bf8fe2998603435,1,tw,TWD,新北市,1050,0,0,0,0,0,0,450,500,25.01,121.48,en_US,2068
7abe4ae6f4b95d9db23d4f074f1f739dc8d26bc7,1,tw,TWD,新竹市,810,1,1,1,0,1,1,700,3000,24.81,120.97,zh_TW,2380
69567ee53faf467cca1fa525766e4d7c20b39064,1,tw,TWD,桃園縣,360,1,1,1,0,1,1,477,847,24.96,121.22,zh_TW,3438
5d1db0c1eab35c7d4f8341acd306a53381be4b7d,1,tw,TWD,高雄市,420,0,1,1,0,1,1,464,691,22.62,120.3,zh_TW,3781
930ebbc06720ba6a92e4c1b6f48a4b75b194ab98,0,tw,TWD,高雄市,1020,1,1,1,0,0,1,398,676,22.62,120.3,zh_TW,3188
eddb0b0662ba82c66f52f487dbd4e593c5f34fad,1,tw,TWD,高雄市,420,1,1,0,0,1,1,457,711,22.63,120.28,zh_TW,3143
f96cf850a9a3eff8f20e06bb7021c57583006c0d,0,tw,TWD,高雄市,840,1,1,1,0,1,1,300,500,22.59,120.31,zh_TW,2552
ea5561da545f4dc3552e80f6a1b98fe7bced5a6a,1,tw,TWD,高雄市,360,1,1,1,0,1,1,400,500,22.63,120.31,zh_TW,2220
0e0bbe8e3f8b57a7dfa95fab5f95358bf07b8de6,0,tw,TWD,台北市,600,1,1,1,0,1,0,350,700,25.03,121.56,zh_TW,2770
f78909357cc1513932a08a62ad36620fb048e5d6,0,tw,TWD,高雄市,1860,1,1,1,0,0,0,680,1500,22.63,120.31,zh_TW,2250
40d9ef9e9d8541c726806be0573e73a802fa72d1,0,tw,TWD,%,0,0,1,1,0,1,0,280,680,25.03,121.56,zh_TW,2328
9fc803182965ff9ef871d8ec1fec852151758f57,1,tw,TWD,新北市,840,0,1,1,0,1,1,275,524,25.0,121.49,zh_TW,3249
d6c73c409151e066cce10077ca425ca6272f639d,0,tw,TWD,台中市,1140,1,1,0,1,0,1,330,573,24.23,120.94,zh_TW,3440
939c2ebd70b1dece92f5739dfc62d3807a4fdcb0,0,tw,TWD,高雄市,720,1,1,1,0,1,0,324,570,22.67,120.3,zh_TW,3248
9950f631d849da6355c6676505c99e73accb669f,0,tw,TWD,台南市,0,1,0,0,0,1,0,120,300,22.98,120.21,zh_TW,2657
97e04459ccac35366bec67a69eb607f9282c6919,0,tw,TWD,台南市,0,1,0,0,0,1,1,120,400,22.99,120.23,zh_TW,2657
ae7aa850cb4226b76f89e9ea7fa3617b01064e7b,0,tw,TWD,高雄市,1230,1,0,0,0,1,0,300,1290,22.65,120.29,zh_TW,2158
96312afd6fa3e4a45251d9b3c5fdec546439f073,1,tw,TWD,台中市,360,0,1,0,0,0,0,1650,2000,24.23,120.94,zh_TW,2536
4b7ce8a96bbd849b3209376fbac122c6c122beb4,0,tw,TWD,台北市,420,1,1,0,0,1,0,300,800,25.04,121.57,zh_TW,2249
05016e125c93b8fab1aa03b1faacdfe2acd5bca4,0,tw,TWD,台北市,0,0,1,1,0,1,0,800,1000,25.04,121.56,zh_TW,2242
84b3bfaa971ce685da6301c8652930f824e5c97e,0,tw,TWD,上海市,1140,0,0,0,0,0,0,1500,2500,31.22,121.44,zh_TW,2909
46cfa1df670e7eac0b045f7f0d87ecce2a27a515,0,tw,TWD,台中市,0,1,1,1,0,0,0,800,1000,24.15,120.64,zh_TW,2195
aa2c7135c925632f5a42066308a6173edb6a91ff,0,tw,TWD,台北市,570,1,1,0,0,1,0,432,910,25.04,121.55,zh_TW,3781
e83dc2ecf6ca2a7932c03f9b9734b3ae728e019c,0,tw,TWD,台北市,0,0,1,0,0,0,0,498,888,25.04,121.57,zh_TW,2552
549362d38820e4d37cea422e3e6d36d6379e7ad4,0,tw,TWD,台北市,0,0,1,0,0,0,0,498,888,25.04,121.55,zh_TW,2552
e208e7610bf0ef9524516c62b226f52de8b68175,0,tw,TWD,台北市,2880,1,1,0,0,1,0,700,1000,25.06,121.53,zh_TW,2448
857fe4b883bee27cb19cfd62b22fc41217b8604e,0,tw,TWD,台北市,420,1,0,0,0,1,0,250,300,25.06,121.54,zh_TW,2298
f216f45444fa8efefeb641025e63762533a5ccb2,0,tw,TWD,台南市,0,1,1,1,0,1,1,680,2000,22.99,120.17,zh_TW,2082
f798997fae0b7a8f1cd117c91538055674306560,0,tw,TWD,台北市,0,1,1,0,0,1,0,200,1200,25.04,121.55,en_US,2076
3b785428fad5da3371c2b057e629f4fe0a2b0655,0,tw,TWD,新北市,660,1,1,0,0,0,0,250,300,25.09,121.56,zh_TW,2227
cf841b0041a3ba0e40d442a2673ea679d1c11e55,0,tw,TWD,台北市,630,1,1,0,0,0,0,251,395,25.06,121.52,zh_TW,2928
4819e234aba593ba3ee01eecb580de21eb67ed7a,0,tw,TWD,新北市,2880,1,1,1,0,0,1,228,343,25.01,121.47,zh_TW,2928
7decb618f56be10f0adacdcdf308a2f544adc6dd,0,tw,TWD,上海市,450,0,0,0,0,0,0,1000,2000,55.99,-3.4,zh_TW,2909
bd5971283546d88d38d9783fe238b36c2d84d183,0,tw,TWD,台中市,1800,1,1,1,0,1,1,500,800,24.16,120.65,zh_TW,2143
40f113a04815d8f750010063c6a547a5d5d19cb0,0,tw,TWD,台中市,1440,1,1,1,1,1,0,300,600,24.17,120.66,zh_TW,2136
efc84e045e53151d534048ccb021984a10036fe6,0,tw,TWD,台中市,1140,1,1,0,0,1,1,300,600,24.1,120.69,zh_TW,2136
6adaf932937218c83725b3626f15b720881172b3,0,tw,TWD,台北市,1020,0,1,1,0,1,0,300,600,25.04,121.56,zh_TW,2136
84bd795131f63b33b330e457bb760484abc381d9,0,tw,TWD,台北市,810,1,1,0,1,0,0,400,600,25.04,121.55,zh_TW,2088
16e020692ccfa4c8ed37afdadfa7a199c86a5e0d,0,tw,TWD,新北市,1140,1,1,1,1,1,1,300,600,25.01,121.5,zh_TW,2136
1d0964fe6394ce1b6da8d106a4fd52f09de843f9,0,tw,TWD,新竹縣,1200,1,1,1,0,1,0,300,600,24.83,121.01,zh_TW,2136
b7a86972af9c329d20da11e845f2d1f749eaa1e5,0,tw,TWD,桃園縣,1440,0,1,1,1,1,1,300,600,25.03,121.29,zh_TW,2136
be599577f0cef798375ec4ae4ddeda00aa55ab41,0,tw,TWD,台中市,360,0,1,0,1,1,1,419,589,24.13,120.66,zh_TW,3035
eefb256fb407df1eea0ef23afb1003fd509fb48b,0,tw,TWD,上海市,390,0,0,0,0,0,0,800,1200,31.23,121.46,zh_TW,2909
56ffc6038aa4660b2dfb65eaf6914664fb14e3b6,0,tw,TWD,台北市,450,0,1,1,0,1,1,1041,2270,25.04,121.54,zh_TW,3781
1ad1f78af50c5d692d6fd9171f19c5835bb495ab,0,tw,TWD,台北市,0,1,1,1,0,1,0,500,900,25.03,121.52,zh_TW,3924
77cb734ef132bb086561c5012f643ed2a00d88bc,0,tw,TWD,台北市,360,1,1,1,0,0,1,350,500,25.05,121.53,zh_TW,3922
b5d49352f32b2e625df0b241e0999dcc397962ba,0,tw,TWD,台北市,395,1,1,1,0,0,0,536,877,25.06,121.53,zh_TW,3922
c32fac389a12ac9676d8008fd96506647dc23135,1,tw,TWD,台北市,1110,1,1,1,0,1,1,1000,2000,25.04,121.56,zh_TW,2467
f686e8dc6b8c0fb13da7b9a83bb6c840e0f4b2b3,0,tw,TWD,台北市,390,1,1,1,0,1,0,300,500,25.06,121.53,zh_TW,2124
404fe79268d3170ec96f4c18eebb92f390a8b651,0,tw,TWD,台南市,2105,1,1,0,0,1,0,250,429,22.99,120.17,zh_TW,3781
a4ab5c34704ea40c3dbaa9292d8529b6d77d9a0f,0,tw,TWD,基隆市,390,1,1,1,0,1,1,300,517,25.13,121.75,zh_TW,3924
de13556a4e86ce80a5d0677087f3fd02d64ce181,0,tw,TWD,宜蘭縣,510,1,1,1,0,1,1,400,500,24.75,121.76,zh_TW,3781
20385a2efaeba9aa2f8461ad94c2fd7b0a6791ca,0,tw,TWD,新北市,380,1,1,1,0,0,1,400,700,25.03,121.47,zh_TW,3924
d19a53d3206360c2ac2e068c11a64e26aa917c62,0,tw,TWD,新北市,420,1,1,1,0,0,0,383,517,25.07,121.49,zh_TW,3924
5c35c941f971c641de610488028a821348158678,0,tw,TWD,新竹市,0,1,1,1,0,1,0,400,750,24.7,120.88,zh_TW,3924
b3e4e09d235a312a5aa109ffa3f66586facc6a30,1,tw,TWD,高雄市,420,1,1,1,0,1,0,465,703,22.62,120.3,zh_TW,3781
2d8d03dae05fab6cde9313aaec676ef438b7b162,1,tw,TWD,台中市,390,0,1,1,0,1,1,750,2500,24.15,120.67,zh_TW,2202
dd4c07f6d9ac0ecef2f026a1dd0e17aa8941ff45,0,tw,TWD,新北市,510,0,1,0,0,1,0,480,3990,25.0,121.51,zh_TW,2222
8685eecd442d29e9b08d35afa64ec22aa0d514be,1,tw,TWD,新竹市,360,1,1,1,0,1,1,1010,1580,24.7,120.88,zh_TW,2991
80d25551692d3b4913a155ec3b0a75b19f2d00fa,0,tw,TWD,新竹市,420,1,1,1,0,1,0,500,1000,24.81,120.97,zh_TW,2532
6404fc6bc0fc766a45af507a186ab58a5c17fde7,1,tw,TWD,新竹縣,420,1,1,1,0,1,1,800,1200,24.82,121.03,zh_TW,2587
c63a3a7fd4d1fed71361b0f0759d3eab069e033b,1,tw,TWD,台中市,360,1,1,1,0,1,1,1283,2709,24.16,120.66,zh_TW,2995
26317af6caa339d5baee50839f382a4310b3db39,0,tw,TWD,新竹市,420,1,1,0,0,1,0,968,1200,24.81,120.97,zh_TW,2689
3bd33fa289532bb9d2c849fb9e6bd66735e16f84,1,tw,TWD,高雄市,480,1,1,1,0,1,1,980,2500,22.73,120.41,zh_TW,2397
8e4b06eebd10a9ecf7e477009151100268cfcddc,0,tw,TWD,台北市,570,1,1,0,0,1,0,1000,5000,25.03,121.55,zh_TW,2327
03c046bf5d65d2defb24a8c66e931202f171500c,1,tw,TWD,南投縣,390,1,1,1,0,1,0,1290,2689,23.87,120.92,zh_TW,3436
22ae5b307b30720b4b1d389c8192160ffaea44d7,0,tw,TWD,上海市,420,0,0,0,0,0,0,1500,2000,31.21,121.56,zh_TW,2909
d58385d97128ab971eb713ae375f723bc05ead85,0,tw,TWD,台北市,450,1,1,1,0,1,1,1500,2500,25.08,121.56,zh_TW,2545
48597ebdd7700043d41d41f64a93a3618cf14780,0,tw,TWD,台北市,450,1,1,1,0,1,1,1500,3000,25.05,121.52,zh_TW,2381
b837e1356916db2dc731e29531449022a3e3f738,0,tw,TWD,台北市,0,1,1,1,0,1,1,1000,2500,25.03,121.55,zh_TW,2381
f59d03240e817108cfde29a5eee15351801bded9,1,tw,TWD,台北市,420,1,1,0,0,1,0,1280,1580,25.03,121.56,en_US,2065
1fe14265f2834641c46b8b5436e4b3ce6861fc16,0,tw,TWD,台南市,390,1,1,1,0,1,1,451,837,22.97,120.22,zh_TW,2704
3efef0b8660fd4c0d3f7c18fdf390cf3d4d92b8d,1,tw,TWD,新竹市,1830,1,1,1,0,1,0,1294,3099,24.81,120.98,zh_TW,2978
bd66024c47cd3adce99a6d85253e87fd9bbd46cf,0,tw,TWD,上海市,450,0,0,0,0,0,0,634,1122,31.23,121.48,zh_TW,2909
ab98e7ce9a7fcfc90e28fe46f085a418107ad3d4,1,tw,TWD,台北市,1620,0,1,1,1,1,1,200,1000,25.04,121.56,zh_TW,2467
27421fa46b6f8e51d8817ae3189f3dae79f01fc4,0,tw,TWD,台南市,510,1,1,0,0,0,0,300,500,22.99,120.2,en_US,2067
00b9390dc5e3d51a1722876a56f94b2d10d17268,1,tw,TWD,新北市,720,1,1,1,0,1,1,449,815,25.04,121.46,zh_TW,3438
89174675c1572e36dfcca68af705a2663c2f4919,0,tw,TWD,台中市,960,1,1,1,0,1,0,600,1000,24.15,120.67,zh_TW,2103
38d0951ae9813da603452ec6d560cf49c467207a,0,tw,TWD,台北市,330,1,1,0,0,1,0,400,1000,25.05,121.54,zh_TW,2479
cf9fff26f2c5c5277b3c8790dbc291afe8ec8796,1,tw,TWD,台北市,2070,0,1,1,0,0,1,1500,2500,25.04,121.56,zh_TW,2467
d32fc6a0054f66f5c7423c68f8f8e3e6a5180bfc,0,tw,TWD,台北市,420,1,1,1,0,1,0,580,1880,25.03,121.53,zh_TW,2451
b1da8e6e589a35663aef9fc9e6cf12064a9d3180,0,tw,TWD,台北市,420,1,1,1,0,1,1,500,1000,25.02,121.55,zh_TW,2181
46574e12d2d8542fd03e58593e8575efc2b72a08,0,tw,TWD,台北市,450,1,1,0,0,1,1,490,890,25.04,121.56,en_US,2067
d1df693cbb85749e1a5ed6b44d5ae2151b56088f,1,tw,TWD,台中市,3210,1,1,1,0,1,1,1880,2880,24.16,120.64,zh_TW,2474
8958ddc0c7fed4c00a4e84bb68e15333f6fbb13d,1,tw,TWD,台北市,180,0,1,1,1,0,1,937,1614,25.05,121.52,zh_TW,3434
6c185095282c1af126fd387b0fbcc4468261c042,0,tw,TWD,台北市,660,1,1,0,0,1,0,780,3000,25.03,121.55,zh_TW,2257
a7bb2a06d6112d75d8bfba2950bf281e14db7b24,1,tw,TWD,宜蘭縣,630,1,1,1,0,1,0,300,760,24.76,121.76,zh_TW,2687
31a1e4d630eb778102cf9ab4e20877f815312dd1,1,tw,TWD,桃園縣,510,1,1,1,0,1,1,354,518,24.96,121.22,zh_TW,3781
ca050097d5f80364f329d074344f53c3e1dbc842,1,tw,TWD,高雄市,600,1,1,1,0,1,1,680,1200,22.87,120.36,zh_TW,2696
c06ecad6401bb0ec1dbabfb7cea0ffeb51405954,1,tw,TWD,台北市,1200,0,1,1,1,1,1,575,878,25.05,121.52,zh_TW,3244
d6a49976b64d2017995fde9ccc4c351d009d9772,0,tw,TWD,台北市,720,0,1,1,1,1,1,398,576,25.1,121.53,zh_TW,2695
1ec70644098ec10730a07b61b0652bf91c2e354f,0,tw,TWD,台北市,1020,1,1,0,0,0,0,350,800,25.04,121.54,zh_TW,2202
97f3015becf5c9f173779b0dac6775df289d7ca3,0,tw,TWD,台北市,1320,1,1,1,0,1,1,300,650,25.04,121.57,zh_TW,2097
82d5527562e0ef296f49e8df6d6d93dbfde93c0a,0,tw,TWD,新竹市,1500,1,0,0,0,1,0,250,360,24.8,120.97,zh_TW,2424
34000a7dcd68553737d4cf96f1475a088e44adba,0,tw,TWD,新竹市,2400,1,1,1,0,1,0,300,650,24.81,120.98,zh_TW,2097
39d84472fae1457b01620e1d7f98267286e68773,0,tw,TWD,新北市,0,0,1,1,0,1,0,500,600,25.01,121.47,zh_TW,2726
cbfa20d2bbf2e972c1d95a2a7055b764c5571403,0,tw,TWD,台北市,480,1,1,0,0,1,1,700,2980,25.08,121.57,zh_TW,2136
419afdf528795cad3937d72ac8fe248a5d54f23d,0,tw,TWD,台中市,0,1,1,1,0,1,1,535,898,24.16,120.65,zh_TW,2619
176744cf04c3b6d9390885334f5a30d14d4a9f0e,1,tw,TWD,台北市,3540,1,1,1,0,1,0,1337,3102,25.08,121.56,zh_TW,3037
71f180856c1f9f17cf3de7ce2d30a2ee128ddabf,0,tw,TWD,台北市,0,1,1,1,1,1,0,595,893,25.05,121.55,zh_TW,2619
d2fdb4ab9968e6a6fea70767ef3987028641fb11,0,tw,TWD,台北市,0,1,1,1,1,1,1,568,856,25.04,121.57,zh_TW,2619
abb808562b5309e88b808164f04a82f7da57551b,0,tw,TWD,新竹縣,0,1,1,0,0,1,0,526,830,24.82,121.02,zh_TW,2619
bb836a42038f5d7c5bc3c293ff82e42ac1cccc30,0,tw,TWD,高雄市,2880,1,1,1,1,1,1,489,812,23.01,120.67,zh_TW,2619
c542ad40097c6f1fe938e6dff49a68005a05f2a7,0,tw,TWD,台北市,870,1,1,1,1,1,0,100,350,25.03,121.55,zh_TW,2360
c87ce07c5d8ee5d8f7d4bbd8102a106232653a70,0,tw,TWD,新北市,1320,1,0,1,1,1,1,320,980,25.16,121.43,zh_TW,2384
1a16a81c97696a17784b3cce92ba02dfc39d65e7,0,tw,TWD,台北市,0,1,1,1,0,1,1,1355,2716,25.04,121.57,zh_TW,3341
a6ef5b6c698f3fd5d0651dedc949a06bf40b2aae,0,tw,TWD,台北市,630,1,1,0,0,1,1,300,900,25.05,121.54,zh_TW,2395
81186b188de9ec9d1869bf4f818e02fa690f719f,1,tw,TWD,高雄市,450,1,1,1,0,1,0,948,1852,22.62,120.3,zh_TW,3781
5350861ad66a0d72c7353bc64c666b255e5a28f0,0,tw,TWD,高雄市,1320,1,1,1,0,0,1,373,695,22.68,120.32,zh_TW,3781
1c06f499baf1de2e39feabc7beaf473f8c3b74fa,0,tw,TWD,台北市,2790,1,1,0,1,1,0,400,600,25.04,121.55,zh_TW,2249
3bdef4b7438bf32e8d1be55b0d94f156994921fd,0,tw,TWD,台北市,2880,0,1,0,1,0,1,453,865,25.03,121.57,zh_TW,3042
c3c5e61100dbcb39a2a346e608c9a1d4c44f461c,0,tw,TWD,台北市,1020,0,0,1,0,0,0,433,733,25.05,121.54,zh_TW,2525
e19b7a494d18533813a773f7f7b2e5f723210651,0,tw,TWD,上海市,810,0,0,0,0,0,0,212,334,31.21,121.45,zh_TW,2909
dee7845a1b9019aec7d73b007f080b1083f53d76,0,tw,TWD,台中市,1350,1,1,0,1,0,1,260,380,24.15,120.64,zh_TW,2622
7c018390b99a0a769ae38659a45f8ec6e9825bfe,0,tw,TWD,台南市,420,1,1,1,1,1,1,403,613,22.99,120.2,zh_TW,3893
28f41c84a372ec0dd54b9989006e9e7b28efc72a,0,tw,TWD,桃園縣,600,1,1,1,1,0,1,500,1000,24.98,121.33,zh_TW,2187
421d6ea245197c4e6135b01f3c67fd850932c498,0,tw,TWD,台北市,690,1,1,1,1,1,1,500,1000,25.13,121.47,zh_TW,2187
944caf12c32c90f73008856e0bbb1015249dc9f1,0,tw,TWD,台北市,1260,1,0,0,1,1,0,450,530,25.12,121.54,en_US,2081
367626a294cfb1946631c386364145e119ffd0be,0,tw,TWD,台北市,660,0,1,0,0,1,1,331,500,25.05,121.51,zh_TW,2580
381a3e06cb8c409c6051a683c9fcb65e120074ea,0,tw,TWD,台北市,780,1,1,0,0,1,1,500,1000,25.05,121.54,zh_TW,2187
90a4ca9c640cde70f3fff47431c43522eb20c941,0,tw,TWD,高雄市,4170,1,1,0,0,0,1,366,580,22.62,120.28,zh_TW,2893
8d448aaa6b7f108f437fa0108454027272da4368,1,tw,TWD,高雄市,240,1,1,1,0,1,1,589,778,22.67,120.31,zh_TW,2669
9706202a01098243f4f6108514c01f0ba79f55eb,0,tw,TWD,台南市,630,1,1,0,0,1,0,302,527,22.98,120.23,zh_TW,3035
81f871b1ecf9b2f254d7f892d444610d34beab68,1,tw,TWD,台中市,0,1,1,1,0,1,0,1177,2444,24.15,120.67,zh_TW,3781
855f86175ac3b7360c6dc85e1bd05b2c2f20446d,0,tw,TWD,上海市,390,0,0,0,0,0,0,2000,2500,31.23,121.5,zh_TW,2909
988f1c68ee197c4d114b33ef95c565340644e694,1,tw,TWD,上海市,0,0,0,0,0,0,0,500,1000,31.22,121.45,zh_TW,2909
ab65ca8aec1b5234482d9dd8fd7cb84c0d28b2a7,1,tw,TWD,上海市,0,0,0,0,0,0,0,1000,1500,31.23,121.49,zh_TW,2909
75d626992f81a0a6f84546457fabce3520ccbb5e,0,tw,TWD,上海市,390,0,0,0,0,0,0,500,1000,31.21,121.56,zh_TW,2909
0a7cebf5116b68650e3e6a9d8356307f0efb9660,0,tw,TWD,台北市,2880,0,1,0,1,1,0,521,915,25.04,121.54,zh_TW,2962
c53d7a7a660575d712be1ab23847143890e7b6ce,0,tw,TWD,台北市,0,0,1,0,0,1,0,660,770,25.04,121.57,zh_TW,2250
40a9c519539485b7b995356529a14ee4d0f90ab4,0,tw,TWD,台北市,0,1,1,1,1,0,0,300,1000,25.12,121.54,zh_TW,2279
390b334c30ffc6d8c907b1b3385b8653e6f31c46,0,tw,TWD,台北市,1440,0,1,0,1,1,0,80,500,25.07,121.59,zh_TW,2773
26f20fd0efc525535dbc9febef2a7d40741f51e1,0,tw,TWD,台北市,3000,1,1,1,0,1,1,300,700,25.04,121.56,zh_TW,2324
8b20cecc8010696aacbc8f08a30aed0e27b32379,0,tw,TWD,台北市,0,1,1,1,0,1,1,300,700,25.08,121.55,zh_TW,2312
ba3a19dd97da67377cefb47cc8c25bd1058ec542,0,tw,TWD,台北市,2640,1,1,0,0,1,1,300,700,25.06,121.56,zh_TW,2311
ac51847d9a3d9e19268c47756bc1696be317b4bb,1,tw,TWD,台中市,0,1,1,1,0,1,0,412,777,24.23,120.94,zh_TW,3781
0c759414e8f3b874be88026b5ea5f8fb894509fd,0,tw,TWD,台南市,0,1,1,0,0,0,0,385,613,22.98,120.19,zh_TW,3537
3e3fb97c676d061f9c5004a8724d02f4f02785f2,0,tw,TWD,台北市,1680,0,1,0,0,1,0,394,663,25.04,121.54,zh_TW,2962
d2179aabbc809cbdc22de4d6585189288d9a0b0f,0,tw,TWD,台北市,510,0,1,1,0,1,0,650,1034,25.05,121.56,zh_TW,3284
6c390e167e5fb53373a0f85668065f3cbb62251e,0,tw,TWD,上海市,420,0,0,0,0,0,0,1500,2000,31.21,121.46,zh_TW,2909
45d34a072662d95b090de64006cdafe45de76cd9,1,tw,TWD,上海市,390,0,0,0,0,0,0,1500,3000,31.19,121.39,zh_TW,2909
1eb5dc72b404c6aa24b50dea4edc101fdb5eadde,1,tw,TWD,台北市,600,0,1,1,0,1,1,300,700,25.05,121.54,zh_TW,2416
eba7890ad3b6645b9c35d07add11d4446f961d64,1,tw,TWD,上海市,390,0,0,0,0,0,0,500,1000,31.19,121.39,zh_TW,2909
40fcb8173f29e95cd85052bd82d84ccadf6413f8,1,tw,TWD,新竹市,0,1,1,1,0,1,1,500,1000,24.81,120.98,zh_TW,2380
e25eed75e389eb2c0789c774e4f61b2f895e37d0,1,tw,TWD,桃園縣,0,1,1,1,0,1,1,370,552,24.97,121.18,zh_TW,3514
a52b3185f2338da0a1d8b6eeb01a5c94c41be76d,0,tw,TWD,台北市,390,0,1,0,0,1,0,450,800,25.04,121.55,zh_TW,2712
8838fdff51db732a472306c3b18d41c4869e5be1,0,tw,TWD,台北市,630,1,1,0,0,1,0,250,500,25.03,121.53,zh_TW,2671
6eacbe064fd11ce9dee36baec5ee508eafc21883,0,tw,TWD,台北市,1350,0,1,0,0,1,0,250,750,25.02,121.55,zh_TW,2212
acae9b8145b141cf88254af6ffd568e119c450cc,0,tw,TWD,台北市,1350,1,1,0,0,1,1,250,750,25.02,121.53,zh_TW,2195
f81018b710d850376cb1bd63590d9b75c799cfcb,0,tw,TWD,新北市,600,1,1,0,1,0,0,80,380,25.01,121.47,zh_TW,2709
4cd2d3320f41e53cf6fd6ee011ffcaf7bfbc4f9a,0,tw,TWD,新竹市,1290,1,1,1,0,0,1,80,380,24.81,120.97,zh_TW,2709
bdde67ff50888e77799e1a1b63efc2c5a174efbb,0,tw,TWD,台北市,300,0,1,1,1,1,1,715,968,25.14,121.51,zh_TW,2158
7a920d732f781d87564f027f1d0f57f86e88d58c,0,tw,TWD,台中市,0,1,1,0,0,0,0,325,530,24.15,120.64,zh_TW,3045
3325cfbc13eb815cf36fec5714fcc94be81f6a23,0,tw,TWD,台中市,0,1,1,0,0,0,0,331,545,24.23,120.94,zh_TW,3045
b6665a6eedcd72cb4c8bae4b7b73ee8954038da6,0,tw,TWD,台中市,0,1,1,0,0,0,1,332,549,24.15,120.65,zh_TW,2542
5acfa8b42952efebca7053ea12ec67785d32d3e6,0,tw,TWD,台北市,0,1,1,0,0,0,0,361,580,25.04,121.55,zh_TW,3102
6ed95d7c174425829836501cd944a6c01b82b102,0,tw,TWD,台北市,0,1,1,1,0,0,0,362,564,25.12,121.53,zh_TW,3045
f5ab5812f71607ff5b6a88f5235a9d16faee4c9c,0,tw,TWD,台北市,0,1,1,1,0,0,1,380,597,25.04,121.57,zh_TW,3045
156dc87c499a9cb055fead82557501fdf3145cd5,0,tw,TWD,台南市,0,1,1,0,0,0,1,349,554,22.99,120.19,zh_TW,3045
02b0e714e9bba8f714f56cb0625063b566a5f006,0,tw,TWD,新北市,0,1,1,0,0,0,1,371,547,25.01,121.47,zh_TW,3045
eddbd77f653529e67c82c511a86b6919f94b3a06,0,tw,TWD,新北市,600,1,1,0,0,0,0,480,780,25.18,121.42,zh_TW,2542
592fad8a1f7a05c7651a0a5ede3812da52141a81,0,tw,TWD,新北市,600,1,1,0,0,0,0,260,380,25.17,121.44,zh_TW,2509
1714f416a23bb58c86691d0fdee399f56ade0f45,0,tw,TWD,新竹縣,0,1,1,1,0,0,0,372,580,24.82,121.02,zh_TW,3045
dda017bddffb09a44fa59a590b16cd0788f99c57,0,tw,TWD,桃園縣,0,1,1,1,0,0,1,340,593,24.96,121.23,zh_TW,3045
bd142c9c3a5ac47fdd9a7565d2e2fd2472ca24a9,0,tw,TWD,高雄市,0,1,0,1,0,0,1,351,565,22.63,120.29,zh_TW,3045
4fc53bd6d9cd86bf46583bae478951c877204600,1,tw,TWD,台北市,690,1,1,0,1,1,0,400,600,25.03,121.56,en_US,2065
b58ceee5792b66828109e5564983af18d1fd3d17,0,tw,TWD,台北市,8290,1,1,1,0,0,1,300,500,25.05,121.53,zh_TW,2384
d35db84bfb955846e52986e0e217142b07fc53e1,0,tw,TWD,台北市,450,1,0,0,0,0,0,277,450,25.05,121.57,zh_TW,3745
cf07c2d8d6885bc21c9bab254bc35c54d46d50f6,0,tw,TWD,台北市,0,0,0,1,1,1,0,1154,1645,25.14,121.57,zh_TW,3000
2dd53a6572a6513c211259bb39545d5316491e8c,1,tw,TWD,新北市,660,1,1,1,1,0,1,686,1046,25.09,121.56,zh_TW,3118
7234dda1278d4d12f4313591fbf5639b4fe7723b,1,tw,TWD,台中市,1740,0,1,1,0,1,1,400,957,24.18,120.62,zh_TW,3067
4e9d1fdca8f9b2baee8e8182f4d1118cb57afcfb,0,tw,TWD,台南市,1560,1,1,1,1,0,1,256,432,23.0,120.14,zh_TW,3810
095152ab3f0ab46651db3ec893556d3a6776fa00,1,tw,TWD,上海市,390,0,0,0,0,0,0,1000,1500,31.23,121.49,zh_TW,2909
a2a5aa84e3ce957d199b02ab8d5df0c6ccf0abe9,1,tw,TWD,南投縣,330,0,1,1,0,0,0,960,1740,23.87,120.92,zh_TW,3436
4186b703c86bd9516e42e551262f8ed816a4386b,1,tw,TWD,台北市,330,1,1,1,0,1,0,500,800,25.14,121.55,zh_TW,3349
7e8ae24867f137fd20312f43fca2df2fa3b522a1,0,tw,TWD,台北市,420,1,1,0,0,1,0,1215,2277,25.08,121.55,zh_TW,2846
c424294a43dc477509dcd19a9c1a82caf6bc483c,1,tw,TWD,桃園縣,0,1,1,1,0,1,1,437,728,24.97,121.18,zh_TW,3514
e3339e9c98f611f16fb2e5ec16a1145a24e3d57b,0,tw,TWD,台南市,0,1,0,0,0,1,0,200,350,22.99,120.21,zh_TW,3249
eded79905bd91eb0bc93ce7e98363a200e7992f8,0,tw,TWD,高雄市,660,1,0,1,0,1,0,300,533,22.64,120.35,zh_TW,2937
912246e3bc420e3de3a154a1552d5c8acd4f6234,0,tw,TWD,台北市,450,1,0,0,1,1,0,476,789,25.14,121.55,zh_TW,2877
19eb792ebc19c06f43b210cd7088499c81fd57e1,1,tw,TWD,台北市,420,1,1,1,0,1,1,760,1324,25.05,121.52,zh_TW,3781
d6801511ea7277cdb70d996b9c02578e42f3c6e0,1,tw,TWD,台北市,390,1,1,1,0,1,1,974,1759,25.06,121.53,zh_TW,3781
a181be18553c4d93d2ca84873276a545330a4282,0,tw,TWD,台北市,3660,1,1,0,0,1,0,520,776,25.04,121.54,zh_TW,2962
65eb31f9033e7d706cc161fbbf109ac888bf8ad8,0,tw,TWD,台北市,450,0,1,1,0,1,0,462,683,25.04,121.57,zh_TW,2962
3a97963b8ac28200d56ac7b8b8f9fcd96a4cc692,0,tw,TWD,台北市,600,1,1,1,1,1,1,499,699,25.08,121.58,zh_TW,2668
cedc731b25ef3b4a504b21799659dbb0db55c503,0,tw,TWD,台北市,630,1,1,1,0,0,0,350,400,25.08,121.57,zh_TW,2166
894c795fce3d74f66d1cbc2b1d2ac28268dcba94,0,tw,TWD,台北市,300,1,1,0,0,1,1,1650,2750,25.14,121.51,zh_TW,2101
c07200da36b6cd2a41d8e239f4a6031ebf40d0fc,0,tw,TWD,台中市,1110,1,1,1,0,0,0,350,650,24.13,120.66,zh_TW,2303
7bb56930789a7fe86823a64f7a6bdfb04b37182c,0,tw,TWD,台中市,1290,1,1,0,0,1,0,300,600,24.15,120.66,zh_TW,2130
4f17aa5074040dabe727fd4aa89c7224fefd95d0,0,tw,TWD,台中市,450,1,1,1,0,1,1,800,1800,24.15,120.65,zh_TW,2149
10b373df9384f02c334fa6b11f96d014dc11faf1,0,tw,TWD,台中市,570,1,1,0,1,1,0,1800,2600,24.14,120.66,zh_TW,2149
927bba1ea28237194b7cccf40f6c1cd9b9e0356b,0,tw,TWD,台中市,0,1,1,0,0,1,0,250,350,24.15,120.66,zh_TW,2083
6b7b91bbfb1365e94b1072632e08bf06cafca116,1,tw,TWD,台北市,300,1,1,1,0,1,1,925,1374,25.05,121.53,zh_TW,2780
82082163168d5cfa1a5c1258210ad96a8cd3cb89,0,tw,TWD,台北市,1140,1,0,1,0,1,0,300,600,25.04,121.57,zh_TW,2121
b529b8b8ecf18a950e5aa2cdd8dec3aeb68d696f,0,tw,TWD,新北市,1500,1,0,1,1,1,1,650,650,25.17,121.44,zh_TW,2213
af54868e5717d7d0f05d07658a4c54c1d8b027d4,1,tw,TWD,高雄市,270,1,1,1,0,1,1,1142,2920,22.62,120.3,zh_TW,3147
fd9f17624e0f1c3927b5ac0c41b5fb5c6bca60af,1,tw,TWD,上海市,0,0,0,0,0,0,0,500,1000,31.23,121.49,zh_TW,2909
c0a1d014d015e3c9f896a76ceb41f90791e98417,0,tw,TWD,台中市,1830,1,1,1,0,1,1,800,1200,24.16,120.66,zh_TW,2143
11566888059f7587289dfdb9e4c99e18df01d8d1,0,tw,TWD,台北市,840,0,1,1,0,1,1,300,600,25.03,121.56,zh_TW,2398
ea2f0096efd321eae5cc6218ee4f564736aa7dc9,1,tw,TWD,新北市,1380,1,1,1,0,1,0,200,1000,25.05,121.63,zh_TW,2432
31fc7b378c55c15fe2b2573953a24e736e1e1fbe,0,tw,TWD,高雄市,630,1,1,1,0,1,1,300,400,22.62,120.29,zh_TW,2221
252d7ca4ce4c8f1e8c3025572ec714f30c6f8253,0,tw,TWD,上海市,450,0,0,0,0,0,0,500,1000,31.23,121.46,zh_TW,2909
7c8776d88a165a6e0512c7a011010c80b99aabaa,0,tw,TWD,上海市,450,0,0,0,0,0,0,1500,2500,31.21,121.45,zh_TW,2909
84bc9ada5064d1285d4625037d99220929e7d98a,1,tw,TWD,上海市,0,0,0,0,0,0,0,500,1000,31.22,121.45,zh_TW,2909
bc922b768548c7411ab0db853115fa31be273f84,0,tw,TWD,台中市,1350,1,1,1,0,1,1,353,579,24.23,120.94,zh_TW,3047
b86461f23aa66f0807945b05b2f76142f8cfcd67,1,tw,TWD,基隆市,420,1,1,1,0,1,1,260,400,25.13,121.75,zh_TW,2783
e2ad615b658b7068814ffbde4ce6131ab26ecdce,0,tw,TWD,新北市,660,1,1,1,0,1,1,493,840,25.01,121.47,zh_TW,3047
cfa49db26d474af908bf4fb3ff31d06fd330c2cf,0,tw,TWD,上海市,390,0,0,0,0,0,0,1000,1500,30.6,114.62,zh_TW,2909
bc7d601371c4b7510498dc1dea2741bcf6567e4b,0,tw,TWD,台北市,750,1,1,1,0,0,1,180,600,25.05,121.53,zh_TW,2382
0138e1634b911422ba3607b85301dccec8ddb927,0,tw,TWD,上海市,450,0,0,0,0,0,0,1000,2000,31.24,121.49,zh_TW,2909
be0e78e332367863df03d82789dfaac270cd2978,1,tw,TWD,上海市,390,0,0,0,0,0,0,1500,2000,31.19,121.39,zh_TW,2909
cadf1e4408e50bf90c4f5f2d1963ae2e482e5127,1,tw,TWD,上海市,1140,0,0,0,0,0,0,1500,2000,31.22,121.45,zh_TW,2909
0a41c62ed30da2af5a3ac45290e8651b92d0f7c6,1,tw,TWD,上海市,390,0,0,0,0,0,0,1000,1500,31.21,121.44,zh_TW,2909
8da0d658970b375be89abc0862bde318fe187017,1,tw,TWD,上海市,450,0,0,0,0,0,0,1000,2000,31.23,121.49,zh_TW,2909
30988ade9702eff1c7bce2122cd08b99a0f9210f,0,tw,TWD,上海市,390,0,0,0,0,0,0,1000,2000,31.21,121.56,zh_TW,2909
cd2e4f4385cde98594ffc3be1e2d0a57da836174,0,tw,TWD,上海市,390,0,0,0,0,0,0,1000,1500,31.22,121.47,zh_TW,2909
5fb2ecaa1b89302c6c528cb69076f75bb3992d67,0,tw,TWD,台中市,330,1,1,0,0,1,1,200,400,24.23,120.94,zh_TW,3440
05c32bec220739a3ec6edbc3a8a236c947d49e7f,0,tw,TWD,台中市,330,1,1,0,0,1,0,424,666,24.14,120.66,zh_TW,3440
b4ca25cc6d31ca2878d99e502c93ec7bfb1877b6,1,tw,TWD,台中市,360,1,1,1,0,1,1,412,766,24.19,120.67,zh_TW,3246
dc40909cd5b58af86282b8f1156ba5daedd65788,1,tw,TWD,台中市,420,1,1,1,0,1,1,643,1124,24.23,120.94,zh_TW,2995
e5dba9db53fd81adc79fcc7c30c595d5789d58fa,0,tw,TWD,台中市,420,1,1,1,0,1,1,600,1000,24.18,120.62,zh_TW,2160
8dacc6d9b7ee15bf4499b24c8f0ac55bc26df598,0,tw,TWD,台中市,450,1,1,1,0,1,0,300,500,24.16,120.65,zh_TW,2102
b4ab95a876dcc163cf96057655f4624470828dde,1,tw,TWD,台北市,0,1,1,1,0,1,0,637,1139,25.05,121.52,zh_TW,3125
1ca57f63999c2fd6eab64add1e026dc99208b5ad,1,tw,TWD,台北市,390,1,1,1,0,1,1,972,1596,25.05,121.54,zh_TW,2815
c9ea1b153dc7fef5f93b3695918477a9966e81cf,1,tw,TWD,台北市,390,1,1,1,0,0,1,941,1680,25.05,121.54,zh_TW,2815
f58a8f8f152ac2ac8a9b3640fbeb204b066437e5,1,tw,TWD,台北市,420,1,1,1,0,1,0,562,866,25.04,121.54,zh_TW,2785
e19d2e6ca292963ac4b2d45cd2a5cb2151d54b71,0,tw,TWD,台北市,480,1,1,1,0,1,0,900,1500,25.04,121.57,zh_TW,2514
ae4353e9cee124c0422e3b1da6f0d5d26eda2522,1,tw,TWD,台北市,1110,0,1,1,0,1,1,500,1000,25.04,121.56,zh_TW,2467
78b4eac3252f39389b70bdc8b09fe5138559ace2,0,tw,TWD,台北市,2880,1,1,1,0,0,0,500,1000,25.04,121.54,zh_TW,2370
790ad76d12670c6171754a36a6b64fbad10c7ac4,0,tw,TWD,台北市,420,1,1,1,0,0,0,300,500,25.03,121.55,zh_TW,2362
d0a4b36cda7b68e69bc9ba083867e1146574fcac,1,tw,TWD,台北市,0,1,1,0,0,1,1,500,700,25.05,121.55,zh_TW,2355
72f8238e518f48b4f7e70064503524f2a8f720b7,0,tw,TWD,台北市,0,1,1,1,0,1,1,500,700,25.04,121.54,zh_TW,2345
15daefe03c21d9ab0bd66111ff65a4d7408a808f,0,tw,TWD,台北市,0,1,1,0,0,1,1,500,700,25.04,121.51,zh_TW,2345
5cce61b1529ff5becb457e9a8774f5eaf2558fff,0,tw,TWD,台北市,1455,1,1,1,0,0,1,500,600,25.12,121.53,zh_TW,2307
e1a050f6889aee508265a61abcf1e038a3461538,0,tw,TWD,台北市,0,1,1,1,0,0,1,500,600,25.04,121.55,zh_TW,2305
14d1b82996ee79389e10ce0728485100d002cc2b,0,tw,TWD,台北市,0,1,1,1,0,0,0,500,600,25.04,121.56,zh_TW,2282
e15ba49e098132545095518fcc23c4e9ef1f1a50,0,tw,TWD,台北市,1515,1,1,1,0,0,1,500,600,25.04,121.57,zh_TW,2279
8a369a36dbf4c871806025cf0f9329090f9fd4ec,1,tw,TWD,台北市,420,1,1,1,0,1,1,1000,1500,25.04,121.57,zh_TW,2254
fccec1c3de308e7f5c86d7a264d0dea889aa12d2,0,tw,TWD,台北市,360,1,1,1,0,1,1,400,800,25.13,121.51,zh_TW,2166
32ca63a5e732186ece09d4e076a27cd9a8bc1afd,0,tw,TWD,台北市,180,1,1,1,0,1,0,1100,1600,25.03,121.56,zh_TW,2088
dbbb7235502b6145d9026894bf9864adf8752b27,0,tw,TWD,台北市,420,1,0,0,0,1,0,500,800,25.08,121.57,en_US,2075
6e7131a4d2144329656c70b66471fc78506d6a75,0,tw,TWD,台北市,420,1,1,0,0,1,0,500,800,25.06,121.51,en_US,2075
fb5e6ffa17b28acc81ad26b47b5c72a94971884e,1,tw,TWD,台南市,390,1,1,1,0,1,0,700,1500,23.0,120.21,zh_TW,2871
9d9919a23ad007c6b32c369c11daf0093320be31,1,tw,TWD,新北市,870,1,1,1,0,1,0,200,1000,25.06,121.64,zh_TW,2432
ae4090ca93557383b664f01b353f0765b8a0dbf6,0,tw,TWD,新北市,1485,1,1,1,0,0,1,500,600,25.02,121.47,zh_TW,2318
cbd00fcbdde206e4de82a280670f77a875f0b50d,0,tw,TWD,新北市,360,1,1,0,0,1,1,700,850,25.01,121.46,zh_TW,2083
c20334ce9bb426fab112565c3d6375f89b838d1e,1,tw,TWD,新竹市,420,1,1,1,0,1,1,506,717,24.78,121.02,zh_TW,2991
c71bfe2e3437e731ac7d01a2cc5021ba5fc33e0c,0,tw,TWD,新竹市,660,1,1,1,0,1,1,500,700,24.81,120.98,zh_TW,2241
b984ed6100cff80e2cfb9a42953137cede5ea9e6,1,tw,TWD,新竹縣,420,1,1,1,0,1,1,580,2000,24.82,121.03,zh_TW,2588
544ee5fa2bf7e8c1a9f487c680e9e8cc75ab024c,1,tw,TWD,桃園縣,0,1,1,1,0,1,1,438,687,24.97,121.18,zh_TW,3514
29b8a63933e34d1e749224cc6c240df85b576440,1,tw,TWD,桃園縣,390,1,1,1,0,1,1,632,924,25.07,121.22,zh_TW,2827
b20207d26115a4533a35908a0df49f178747380e,0,tw,TWD,桃園縣,0,1,1,1,0,1,1,500,700,24.98,121.32,zh_TW,2394
a5151beb36e8a96848289bea8337c3868e5dd453,0,tw,TWD,桃園縣,0,1,1,1,0,1,1,500,700,25.04,121.29,zh_TW,2366
822644cc15f5ad507d9f0e5d26c68e67a92d6dfc,1,tw,TWD,花蓮縣,360,1,1,1,0,1,1,689,1244,23.99,121.63,zh_TW,3438
3e4b7a5c696d253c22fdbb81e963506e3b8f4568,0,tw,TWD,苗栗縣,210,1,1,1,0,1,1,411,660,24.4,120.77,zh_TW,3440
de9cb706071ab5d2912b33100148d5efd486d230,1,hk,HKD,香港,1170,0,1,1,0,1,0,0,0,22.32,114.18,zh_TW,2227
5a4ef0bc5e245df4a364662f05fc7bc2eea09b82,1,tw,TWD,高雄市,420,1,1,1,0,1,0,355,555,22.63,120.29,zh_TW,3781
9cf93c8ce8d52170118e6cdb7b68e5222acee019,1,tw,TWD,高雄市,330,1,1,1,0,1,0,800,1000,22.87,120.36,zh_TW,2696
ccdcde036026dd086f77f722406dccefe09989e5,0,tw,TWD,高雄市,360,0,1,1,0,0,0,300,900,22.62,120.3,zh_TW,2650
40d72aa99e215fe5210b434437c94b755bdc9c04,1,tw,TWD,上海市,0,0,0,0,0,0,0,1500,2000,31.22,121.45,zh_TW,2909
5db5e4adbd3592be685cbc4795cbdb70865eb197,1,tw,TWD,上海市,390,0,0,0,0,0,0,1500,2000,31.23,121.49,zh_TW,2909
21bf23edeabfee8e246f3b20e710b9b206ae99e6,1,tw,TWD,台北市,390,1,1,1,1,0,1,1121,1920,25.05,121.54,zh_TW,2815
af999513194498e65695d85bbf6f1c66eaa64efc,1,tw,TWD,台北市,630,1,1,1,0,1,1,1000,2000,25.04,121.57,zh_TW,2363
1e4287353ecd894c6afee417abf4a4bcb9c4b3e4,0,tw,TWD,高雄市,630,1,0,0,0,0,0,238,337,22.66,120.31,zh_TW,3556
9496f0e75bead0b5374e4aa971979edb85f781a1,0,tw,TWD,台中市,1110,1,1,0,0,0,1,400,800,24.14,120.66,zh_TW,2137
75605b879bdadde9b7898c892788e4e637318d86,1,tw,TWD,台北市,1680,1,1,1,0,1,1,1009,1914,25.08,121.56,zh_TW,3036
59517834594ee9dfb0fc4d6e76a08bf96d3062d4,0,tw,TWD,台北市,480,1,1,1,1,1,1,1220,2663,25.04,121.57,zh_TW,2779
0b63f2384cab2c1b7df7105f711f582f6c32a9a1,0,tw,TWD,台北市,840,1,1,0,1,1,0,1000,1500,25.08,121.55,zh_TW,2530
803f477a530f1ec61f3f5bc64555ce57fc445feb,0,tw,TWD,台北市,1590,1,0,0,0,1,0,300,800,25.04,121.55,zh_TW,2349
6bc9c0981daafef449c8fb519478112cd6a0b6cb,1,tw,TWD,高雄市,390,0,1,1,0,1,0,580,950,22.73,120.41,zh_TW,2157
0b43f7c63c7324d338be297f3354b671ee1bd2ec,0,tw,TWD,台北市,900,1,1,0,1,1,0,1000,1500,25.04,121.56,zh_TW,2608
6beeb78adcab1158038ed86433fcb7ef32808ede,0,tw,TWD,高雄市,0,1,1,1,0,1,0,350,500,22.66,120.31,zh_TW,2222
47c01ef516e99d61a3686f6e1892d1ace83fc53f,0,tw,TWD,台北市,1380,0,1,1,0,1,0,250,800,25.04,121.55,zh_TW,2408
7c2137683c74b86e0f48025f7d1480cd6e2f3d54,0,tw,TWD,台北市,0,1,1,1,0,1,1,572,985,25.04,121.54,zh_TW,3334
e16bea0ac1ea7bfceb23ff0b4d8e7e1428bab332,0,tw,TWD,台北市,1620,1,1,1,1,1,0,607,1061,25.04,121.56,zh_TW,3226
618b6e3fd20d3f9ba201dede950eeda35f9cb101,1,tw,TWD,台中市,240,1,1,1,0,1,0,280,650,24.23,120.94,zh_TW,2635
8f090abd8d05dde52081919b1110f2cb95745861,0,tw,TWD,台北市,1260,1,0,1,0,1,0,300,1100,25.04,121.57,zh_TW,2153
ab2bfd6ed983b798f2fb21e0ac56fadaa74eee41,0,tw,TWD,台南市,2335,1,1,1,0,1,0,337,492,22.99,120.17,zh_TW,3781
5a0560a6d5e8c59eb9bb6e782c0a48d6b8e9b617,1,tw,TWD,台北市,420,1,1,1,0,1,1,761,1303,25.09,121.56,zh_TW,3781
8da9427602ad535bbc991535e2c1338bc5684e21,0,tw,TWD,台北市,630,1,0,0,0,0,0,259,384,25.04,121.54,zh_TW,2740
91a837e6a8665b5f2bb8e254a1800bfbc35ba4e8,0,tw,TWD,台南市,420,0,1,1,0,0,1,400,1000,23.0,120.22,zh_TW,2404
085996c4fee1b5195077fedd3a2243f95d5d8937,0,tw,TWD,台北市,1020,1,1,1,0,1,1,1132,2454,25.03,121.56,zh_TW,3345
2509d96893621808861c72d3e37a5c2a88acd2b7,0,tw,TWD,台北市,420,1,1,0,0,0,0,761,1429,25.04,121.53,zh_TW,3262
53f2a268cee661676d1bfa5f4a37adea303f0d50,0,tw,TWD,台北市,510,1,1,0,0,1,1,687,1236,25.08,121.56,zh_TW,2893
0e4f0a4c9c910f2258da6880103b828c70eed697,0,tw,TWD,台北市,1650,1,1,1,0,1,0,663,1149,25.05,121.52,zh_TW,3242
ec1a169576d8accddb1126a9c5d9e2d70f1b1262,1,tw,TWD,台北市,5265,1,1,1,0,1,1,500,2000,25.04,121.56,zh_TW,2397
530e95e32357b6197051d5cf7619920695d495b6,0,tw,TWD,台北市,420,1,1,0,0,1,0,800,1200,25.06,121.54,zh_TW,2257
bf4587e32be0cd4b36ad5a7aa29def9951b35fd9,0,tw,TWD,台北市,990,0,1,1,0,0,1,994,1746,25.04,121.57,zh_TW,3042
8b656b30ac09b157ae779c543c621273810d082f,1,tw,TWD,高雄市,420,1,1,1,1,1,1,587,946,22.62,120.3,zh_TW,3781
eac24e5524e308ec831ce6fca2ea916812ffd142,0,tw,TWD,台北市,570,1,1,1,0,1,1,500,800,25.06,121.53,en_US,2068
4aa4187de57894409f77edf5c37c39ce392b6bb8,1,tw,TWD,新北市,330,1,1,1,0,1,1,308,880,25.2,121.6,zh_TW,2627
481de43920da7869cca3f6aa345185cd23cf1327,0,tw,TWD,台中市,660,1,1,1,0,0,1,265,495,24.14,120.69,zh_TW,3294
e26838d004dadd207b5758306ccdf102e5a3636c,0,tw,TWD,台北市,600,0,1,0,0,0,0,300,800,25.04,121.53,zh_TW,2209
218e3ceb2f320f3d35175c874c8877703731d49f,0,tw,TWD,新竹市,660,0,1,1,0,0,0,300,500,24.8,120.97,zh_TW,2361
9c08625cb144d7fbd1457a857e4c6bc9dc77d04e,0,tw,TWD,高雄市,570,1,1,0,0,0,0,453,812,22.65,120.29,zh_TW,2815
0c2759b0720e3b98b0982b3e2e896832999ea2a0,1,tw,TWD,上海市,390,0,0,0,0,0,0,1500,2500,31.22,121.44,zh_TW,2909
1e03b7b3ce8bb46eac3e5cb120539c4e0c9d674f,1,tw,TWD,高雄市,1950,1,1,1,0,1,1,548,879,22.62,120.29,en_US,2062
3db60e5e626e8e4dbf8184d0262935f9d20c1c91,1,hk,HKD,香港,1050,0,0,0,0,0,0,300,500,22.31,114.22,zh_TW,2203
4126260216ffbdc355867e0aa3c243a9df975cd1,1,tw,TWD,台中市,390,1,1,1,0,1,1,1142,2355,24.18,120.62,zh_TW,3056
770dbe93ba91f9d276bd086146032907d9a961b5,1,tw,TWD,台中市,390,1,1,1,0,1,0,330,2076,24.23,120.94,zh_TW,2206
cd9a3ad22adf1508b854c31a9f0abfa80d5d8d07,0,tw,TWD,台北市,0,1,1,0,0,1,0,935,1723,25.04,121.55,zh_TW,2732
72448051e12c67337fce46a35402c025ac351496,0,tw,TWD,台北市,1300,1,1,0,1,1,0,1200,3800,25.08,121.55,zh_TW,2716
ea321aac293aa9a77d56fd9d69f9a96ae73bbe45,0,tw,TWD,台北市,960,1,1,0,0,0,0,600,1200,25.06,121.55,zh_TW,2318
a42bc0c8e44b1ad9dc7abfe7d88f13e347f0762a,0,tw,TWD,台北市,420,1,1,0,1,1,0,250,1000,25.05,121.52,zh_TW,2135
a3c3ce3bafa6bdc4f7c8e6f45032f9042c872130,0,tw,TWD,台南市,480,1,1,1,0,1,1,460,1180,22.99,120.18,zh_TW,3697
78ad4a2cc9d78899c08dee71fe315a021bb3d8ef,1,tw,TWD,嘉義市,630,1,1,1,0,1,1,300,500,23.49,120.46,zh_TW,2101
5a857293b224b1dbcb7d55d3a5131e3946bcda6b,0,tw,TWD,台中市,480,1,1,1,0,1,0,350,1080,24.16,120.64,zh_TW,2221
1f1e80bb31b0f5f3b83aa6610ddf7683bd906666,0,tw,TWD,台中市,0,1,1,1,0,1,0,350,1080,24.15,120.67,zh_TW,2220
f7f226cccbe7ad0ad9ce3970ba823f48656e4503,0,tw,TWD,新北市,2820,1,1,0,0,1,0,327,567,25.02,121.47,zh_TW,2979
b9e9387040874ddac1f46ace05c1d09d994cc7a6,0,tw,TWD,台南市,420,1,1,1,0,1,0,711,1720,22.99,120.22,zh_TW,3299
54a7dd97d3391bd473869becebc6babe11c4a2b4,1,tw,TWD,高雄市,870,1,1,0,1,1,0,471,980,22.66,120.29,zh_TW,2620
2ce71b0c8a7277b45c512f495f99bb77642833fd,1,tw,TWD,新北市,240,1,1,1,1,1,1,715,1624,25.09,121.56,zh_TW,3118
190210b67801a7437c18f8550d097f3a69fb7d1b,0,tw,TWD,台北市,660,1,1,0,1,1,0,1000,2500,25.06,121.52,zh_TW,2327
a1d57740cc3e3bbbd2cb4ad8d7bc7f24fb034f60,0,tw,TWD,台北市,1410,1,1,1,0,1,1,770,1633,25.03,121.57,zh_TW,3089
bd81de51959324dd6b9741f8771bbb72e14ddb77,0,tw,TWD,台北市,1410,1,1,1,1,1,0,705,1427,25.05,121.55,zh_TW,2726
0e22969ee873428f83a2283442a205e0e29d326f,0,tw,TWD,高雄市,700,1,1,1,1,1,1,539,1112,22.67,120.3,zh_TW,3514
9c30b8a99f057cd22f3a6f89fdd2912f47610438,0,tw,TWD,台北市,1380,1,1,0,0,1,0,600,1000,25.06,121.54,zh_TW,2565
9a2c082e02b5fc1ad1e6c2cd8cf0e8ab3ff0472e,0,tw,TWD,台北市,0,0,1,0,0,1,0,500,800,25.04,121.56,zh_TW,2427
33e5aee1c5e6b021ea935acc0bd5a912adc2dbf9,0,tw,TWD,新竹縣,1410,1,1,1,0,1,1,500,1500,24.81,121.04,zh_TW,2579
bb2994c1c55c886a4b3f7b411a213da7e26a2f32,1,tw,TWD,台中市,0,1,1,1,0,1,0,556,926,24.15,120.67,zh_TW,3781
bd4ef8cccebd07313da0e5c75861f3e1d9d3ffd6,0,tw,TWD,台南市,0,1,0,0,0,1,0,200,400,22.99,120.18,zh_TW,3265
90de49447ca7ba700ab92c71a4a43162da9ca194,1,tw,TWD,新竹市,330,1,1,1,0,1,1,663,949,24.81,120.98,zh_TW,2877
d9d7ec0c1e1c4ff02e81983883436cdde0671b94,1,tw,TWD,桃園縣,0,0,1,1,0,1,1,380,505,25.07,121.22,zh_TW,2826
5fcc33dfda62c8f910266a1d5a1b431da4c85bc1,0,tw,TWD,上海市,420,0,0,0,0,0,0,1500,2000,31.21,121.56,zh_TW,2909
2370216ac722319c87bcc1c9edb33164c63d3ae9,0,tw,TWD,台中市,360,1,1,1,0,1,1,400,600,24.23,120.94,zh_TW,2197
1ade70ea230817513696883014bc77febc899473,1,tw,TWD,台北市,420,1,1,1,0,0,0,733,1214,25.04,121.54,zh_TW,2785
315539f0e97fefc6ddb63ac8a7258067a325df15,0,tw,TWD,台北市,450,1,1,0,0,0,0,1200,2100,25.04,121.56,zh_TW,2613
ba6d83fbd401a99f37aeba130f30185ba62719a1,0,tw,TWD,台北市,720,1,1,1,0,1,1,150,1000,25.04,121.54,zh_TW,2441
c3fa65ddaae8adae68d972aaac01696dcaf173ca,0,tw,TWD,台北市,1710,1,1,0,0,1,0,1408,2000,25.04,121.55,zh_TW,2124
4640a78bb451658a952b05c6e11cda535a21f1fa,0,tw,TWD,新北市,1230,1,1,1,0,1,1,200,400,25.19,121.44,zh_TW,2544
fd5d6d7d44c626c3a08eac117882a380a8a30df6,0,tw,TWD,新北市,660,1,1,1,0,0,1,300,1000,25.01,121.47,zh_TW,2391
5164cad6982d318be358e05f9800219df2b762fe,1,tw,TWD,新竹市,420,1,1,1,0,1,1,651,1093,24.78,121.02,zh_TW,2991
aa50178373470aed2b50cf819be199641ff77b05,0,tw,TWD,高雄市,210,1,1,0,1,0,0,350,500,22.66,120.3,zh_TW,2621
aeb8285d0dc6505c3bb04582354c8a66cd7802d4,0,tw,TWD,高雄市,420,1,1,1,0,0,0,780,1880,22.63,120.33,zh_TW,2621
5ac0204c4d6c42dd394608732b76472f1de45dc3,1,tw,TWD,台北市,720,1,1,1,0,0,0,626,800,25.06,121.52,zh_TW,2943
2ee9f8b03bea3c7c119e22224ab33c5462317604,1,tw,TWD,台中市,3380,1,1,1,0,1,1,535,674,24.14,120.59,zh_TW,2874
0a141c11dc7bfbf06ccd097a5773c0d2052c3ff0,1,tw,TWD,台北市,1110,1,1,1,0,1,1,1200,1500,25.04,121.56,zh_TW,2467
533cb0588f65f15249e4c32e16f5b7698da36ec4,0,tw,TWD,台南市,600,1,1,1,0,1,0,498,662,22.97,120.22,zh_TW,2726
5c9fa7a8ee8bc770a80732247ce9fcf1e7ccb893,0,tw,TWD,台北市,840,1,1,1,0,1,0,390,537,25.04,121.51,zh_TW,2905
74e0969d95e7a74421a9f58abbee17eeb3dd42a7,0,tw,TWD,屏東縣,780,1,1,1,0,0,1,372,489,22.67,120.49,zh_TW,3472
34440e63ca8c0a4331b7d13ffe00766bad9eba4c,0,tw,TWD,台中市,600,1,1,1,0,0,1,515,678,24.14,120.69,zh_TW,2726
70191ecdd81f7a3949b979afb87b43ea6f08b507,0,tw,TWD,台北市,600,1,1,1,0,0,1,566,729,25.05,121.55,zh_TW,2726
d0de2513df4b476abcc97e10da01c9c72df49a02,0,tw,TWD,高雄市,600,1,1,1,0,1,1,507,663,22.62,120.3,zh_TW,2726
f3238f9904a86eefa8d1e1371161bfe3a4692644,0,tw,TWD,台中市,900,1,1,1,0,0,0,298,598,24.15,120.62,zh_TW,2725
d122fba8fc8fbf6f27c9f5f18de52c5f3bd3ffa9,1,tw,TWD,高雄市,750,1,1,1,0,1,0,575,788,22.62,120.3,zh_TW,3781
7fe71baf0f56d3a4a9ab02672d01240cf0af6c14,1,tw,TWD,台北市,1570,1,1,1,0,1,1,490,750,25.05,121.52,zh_TW,2621
884bc5f73e10852ca67d67287e7e5262623f5bb7,1,tw,TWD,台南市,1050,1,1,1,0,1,0,566,728,22.99,120.2,zh_TW,3781
1798cd66e3e7893a7d52561b31148704b6bda354,1,tw,TWD,台北市,0,1,1,0,1,1,0,600,650,25.05,121.51,en_US,2075
b747c4969534e20e0bbf90a4c52eba56d8ef6c2b,0,tw,TWD,台中市,1770,1,1,1,0,1,1,780,1800,24.16,120.66,en_US,2062
f1a166e5093473a4896fb9c58e0f9d61a8e5ba93,1,tw,TWD,台北市,420,1,1,1,0,1,1,871,1728,25.09,121.56,zh_TW,3830
54db14cc90f3f3a77a904daf0c3f6b37314f8c16,0,tw,TWD,台北市,0,1,1,1,0,0,1,455,755,25.04,121.55,zh_TW,2880
4194f93a08ccb0ad1e708a8ad056776b1fdef868,0,tw,TWD,台北市,0,1,1,0,0,1,0,800,1200,25.06,121.57,zh_TW,2263
31c82b892e0ed85637443bc6310af0752a3fa78a,0,tw,TWD,台北市,420,1,1,1,1,1,0,700,1000,25.04,121.54,zh_TW,2249
e28341dcd249f4be178ba9a1009ec3881abc7808,0,tw,TWD,台北市,540,1,0,0,0,1,0,1350,1350,25.05,121.54,zh_TW,2123
c6ecebf33d845c0e02c5e9e8cd54c636305d5a07,0,tw,TWD,台北市,0,1,1,1,0,1,0,900,1000,25.04,121.56,zh_TW,2108
cf4a2f95d3de2c5cde6dd1ce01bfd0d85025684b,1,tw,TWD,新竹市,540,1,1,1,0,1,1,300,800,24.81,120.98,zh_TW,2269
197eca9a179c9068d1abb5f77b56de4908c35b54,1,tw,TWD,高雄市,420,1,1,1,0,1,0,859,1761,22.63,120.29,zh_TW,3781
ff028ecebf60d466cb8470206284ffd7cee071bb,1,tw,TWD,高雄市,480,1,1,1,0,1,0,980,3300,22.73,120.41,zh_TW,2397
ad88ffe9143d84ce128c1470909359428be46931,0,tw,TWD,台北市,540,0,1,1,0,1,0,727,1091,25.06,121.54,zh_TW,3810
d6bb3b5d7a9a0449487a9e2358d8479d5ad951ec,0,tw,TWD,台北市,1800,1,1,1,1,1,0,680,3000,25.05,121.55,zh_TW,2117
acacc42cbc9f54b8139e6c7176a338298eda59f9,0,tw,TWD,台北市,450,0,0,0,0,1,0,300,500,25.07,121.52,zh_TW,2262
99e1f68888a6ab1ce696f865e29cce33bd56e36d,1,tw,TWD,台北市,420,1,1,1,0,1,1,1110,2213,25.05,121.54,zh_TW,3781
efb5f3280dc282ec1368fa70e995b8a7414bb58d,1,tw,TWD,台北市,420,1,1,1,0,1,0,875,1684,25.04,121.51,zh_TW,3311
e079a4589b1feb9345ac7bc7cbd0b8bafd706d0a,0,tw,TWD,台北市,1290,1,1,1,0,0,1,366,603,25.04,121.57,zh_TW,3083
441a5a74d687fe0032599d8753a376b879d98c07,0,tw,TWD,新北市,360,1,1,1,0,1,0,832,1107,24.98,121.5,zh_TW,2918
06b537e6e82af10f6f746d1006a38cae194066ff,0,tw,TWD,台中市,210,1,0,1,0,1,0,500,800,24.09,120.73,zh_TW,2173
22a0ccb546f9586e81c918cc07c0273f9a169507,0,tw,TWD,台北市,510,1,1,0,0,1,0,500,1000,25.04,121.55,zh_TW,2181
5430ee07b87a2f560bbbbdb713eda52835114603,0,tw,TWD,台北市,390,1,1,1,0,1,1,500,1000,25.03,121.55,zh_TW,2181
d436c0682fce62f0c1b98253e21b9aaf3030f0c8,0,tw,TWD,新竹市,360,1,1,0,0,0,0,411,630,24.81,120.97,zh_TW,3781
c6b0577c666454851a495ec3ee1697594b0dcda2,0,tw,TWD,台中市,660,1,1,1,0,0,1,206,341,24.04,120.73,zh_TW,3255
aa99cfeddcac341883a8b61a4f4afc28996d4dcb,0,tw,TWD,台北市,660,1,1,1,0,1,1,223,348,25.06,121.58,zh_TW,3781
bd76d1e31cb09d57afaa2c6393ec262085e1fade,0,tw,TWD,台北市,660,1,1,0,0,1,1,220,346,25.09,121.56,zh_TW,3781
540d0a8d75a332e387492aa012e315afc1281b56,0,tw,TWD,台北市,1320,1,1,0,0,1,0,219,338,25.04,121.51,zh_TW,3781
fce681504b8cc4a683cb7bc405aae9e0d05d2884,0,tw,TWD,台北市,660,1,1,1,0,0,1,200,330,25.09,121.56,zh_TW,2599
a6f1fc8acc968b97a30bad392f9b4c547bd374a4,0,tw,TWD,台南市,390,1,1,0,0,1,0,200,300,22.99,120.22,zh_TW,3304
d4d86c5b26356c519601eb0b06259faa654e84db,0,tw,TWD,新北市,660,1,0,1,0,1,1,215,355,25.19,121.46,zh_TW,2710
e4b42c8e937bf0cdb01e4b90366358b70d5938ce,1,tw,TWD,新竹縣,420,1,1,1,0,1,1,800,1200,24.82,121.03,zh_TW,2587
6700569c5af0a9e897682c81cc2ce7730beae494,1,tw,TWD,高雄市,420,1,1,1,0,1,1,452,653,22.63,120.28,zh_TW,3143
6d6565153f2e1b3569d6b959ce059640b8e8d6cf,1,tw,TWD,台中市,360,1,1,1,0,1,1,1083,2283,24.18,120.62,zh_TW,3847
2a41ceb391f9962fc4a5cd81d8b1aa59d74cbf32,0,tw,TWD,台北市,480,1,1,0,0,1,0,680,3000,25.03,121.55,zh_TW,2271
452626dabedfbffe9c2ceee7557c8162cf3dfc0a,0,tw,TWD,高雄市,1380,1,1,1,0,1,1,1000,1500,22.66,120.31,zh_TW,2095
97a0748a73da8a5bd360b11e6e2cc5321a83b14e,0,tw,TWD,台北市,480,1,1,0,1,1,1,473,991,25.06,121.58,zh_TW,3419
41abb448a4a1360cba17bbc5f0ce2cd85d7dd5b4,0,tw,TWD,台北市,360,0,1,1,0,1,0,600,900,25.04,121.55,zh_TW,2264
7494231b68ddb9d21c24aff0e5fc8d8bf64d4746,0,tw,TWD,台北市,180,1,1,1,1,1,1,800,1200,25.04,121.57,zh_TW,2143
5b8aa9b1a665c74fa5a06fcd48852005a014c83c,0,tw,TWD,台北市,360,1,1,0,0,1,1,1500,2000,25.05,121.52,zh_TW,2195
ff5dd9f3f46420d596f4fc9b43d9f56be634950e,1,tw,TWD,台北市,390,1,1,1,0,0,1,1168,1905,25.05,121.54,zh_TW,2815
00261cc87261cb6b0b11f6ba58c007922c679f04,1,tw,TWD,台北市,0,1,1,1,0,1,1,671,1185,25.06,121.52,zh_TW,3125
7a226c71b29780b84253927c687ec731343d6c9f,0,tw,TWD,台北市,1350,1,1,1,0,0,1,861,1384,25.04,121.57,zh_TW,3061
d8e6c00bc2aa9141f143e8b69f5e8df14f0c1e9d,0,tw,TWD,台北市,390,1,1,1,0,1,0,1800,2200,25.05,121.54,zh_TW,2926
339b6ea93d00fa8364ff158c33aa362793322361,0,tw,TWD,台南市,420,1,1,1,0,0,1,472,864,22.99,120.21,zh_TW,3338
7f5da17f448496810a9a6a9657a3febcb51604d8,1,tw,TWD,台南市,360,1,1,1,0,1,1,723,1322,22.99,120.2,zh_TW,3304
257408aaab5193641cf4ebcb14327119de874801,1,tw,TWD,新北市,480,0,1,1,0,0,0,611,1082,25.09,121.56,zh_TW,3388
dbc1095e632707f86162c368411a5193f998aa68,0,tw,TWD,台北市,1770,1,1,0,0,1,1,1122,2383,25.03,121.55,zh_TW,2955
a8499514feae27d61d6131ed02ee330754bc6ab1,1,tw,TWD,台中市,1800,1,0,0,0,1,0,300,400,24.16,120.65,zh_TW,2088
19605275686d9b5276d85ca53117a10b1282eab8,1,tw,TWD,台中市,360,1,1,1,0,1,1,944,1788,24.19,120.61,zh_TW,3847
e5c9f429ab0fde39efe7c669bcdf88cb814a36b5,0,tw,TWD,台北市,2880,1,1,1,0,0,1,336,646,25.09,121.56,zh_TW,3042
4c7abe801e2624161c16b90cf092082ef0e06506,0,tw,TWD,台中市,2490,1,1,1,0,1,0,300,600,24.16,120.66,zh_TW,2130
a63db3e1591bca82190a9567a47bf6ea818c2f1f,0,tw,TWD,台北市,480,1,1,1,0,1,0,200,600,25.03,121.55,zh_TW,2726
f27c5f9659fc1b6ea00813687cbac63e4a996620,0,tw,TWD,高雄市,480,1,1,0,0,1,0,200,500,22.62,120.3,zh_TW,2759
42170a4fdafa29cf1b7f4d8a37aa911295778476,0,tw,TWD,高雄市,480,1,1,0,0,0,0,300,500,22.67,120.29,zh_TW,2455
d02cf7ba32e878473addc6e805654c90626bfe13,0,tw,TWD,台北市,900,1,1,1,0,1,1,863,1478,25.04,121.56,zh_TW,2845
cc016eb89486f4092924a7229aa97cd7a047e56b,0,tw,TWD,上海市,390,0,0,0,0,0,0,1000,1500,31.21,121.44,zh_TW,2909
00173fbbee383f89a785331530d7a8eba439f226,0,tw,TWD,台中市,510,1,1,0,0,0,0,1880,3800,24.14,120.66,zh_TW,2137
a9fa10496559e992eed4a04d64514fc0b8c8b351,1,tw,TWD,台北市,420,1,1,1,0,1,1,1369,3306,25.05,121.52,zh_TW,3781
4696c1717831e61c642244d7bf778842aef50aa6,0,tw,TWD,台北市,420,1,1,1,0,1,0,800,1500,25.06,121.55,zh_TW,2362
91ffcc25149dbf94a1b350d6b76eb68a50ecb34f,0,tw,TWD,台北市,720,1,1,0,1,1,0,400,500,25.04,121.55,en_US,2076
2fa37b252aa8d30afe8b838b277fedc7288a755b,0,tw,TWD,高雄市,570,1,1,0,0,0,0,969,1984,22.66,120.31,zh_TW,2621
0d7b69958280e347a1e2c74e5a2fe3d021502dbf,0,tw,TWD,高雄市,420,1,1,1,0,1,0,1000,2000,22.62,120.29,zh_TW,2110
2acc572509be0bb7e2cdc4baad4d98dbecdb838e,0,tw,TWD,高雄市,930,1,1,1,1,1,1,0,0,22.67,120.3,en_US,2065
2c55ef6855f011112e876a941aa98cd074d36efb,1,tw,TWD,台南市,360,1,1,1,0,0,1,1108,2199,22.99,120.2,zh_TW,3727
3ec5ab9e53d611b2f8dae66c0a15b13fd41f7d73,1,tw,TWD,高雄市,450,1,1,1,0,1,1,958,2429,22.62,120.3,zh_TW,3781
39e22eaeedad5fe66b039a6ab526562fd7ff961d,0,tw,TWD,台北市,1260,1,1,1,0,1,1,584,1004,25.1,121.53,zh_TW,4308
aa142183055840301c8f11c54bb12c84d12523a7,0,tw,TWD,台北市,0,1,1,1,0,1,1,472,782,25.08,121.56,zh_TW,4308
ecc3613406134b47e80698e55c6287e321a7c3f5,0,tw,TWD,高雄市,540,0,1,1,0,0,0,574,1043,22.63,120.33,zh_TW,2857
23841d73b598d6aec964e4f7661ed28c10b683dd,0,tw,TWD,台北市,960,1,1,1,1,1,1,337,571,25.07,121.52,zh_TW,3356
d2eebe7d87a93e81fc025b7484878c8181d56102,0,tw,TWD,台北市,600,1,1,1,0,1,0,573,1027,25.05,121.54,zh_TW,3084
f1818b38a1d1816ef658d1a90a265c38cf998f34,0,tw,TWD,台中市,420,1,1,0,0,1,1,1000,1800,24.15,120.64,zh_TW,2648
bf03e258d00bdb9f8f32f7b211f5d836c1f09332,0,tw,TWD,台北市,420,1,1,1,0,0,0,1332,3654,25.04,121.57,zh_TW,3042
e0ba53a1bcd2236253da3d4766b91c7b3f5e6f83,0,tw,TWD,台北市,360,0,1,1,0,1,1,880,2000,25.04,121.55,zh_TW,2699
4eaf02825bdee973c4990981b75f0b1f19dacb54,0,tw,TWD,台北市,1440,1,1,1,0,1,1,200,800,25.05,121.56,zh_TW,2306
bcdeb1cfadcce239607d800fdfe40e520b03ae49,1,tw,TWD,台北市,840,1,1,1,0,1,1,612,1033,25.06,121.53,zh_TW,3781
5d6aa188183dcbdb18557d6e22a5db4efaf5cbae,0,tw,TWD,台北市,1290,1,1,1,0,1,0,666,1044,25.04,121.54,zh_TW,3139
5fb56d0584590e1e094f5258183e6c0dd72c09a6,1,tw,TWD,台北市,630,1,1,1,0,1,1,1447,3711,25.06,121.53,zh_TW,3781
92e7d7245684ce1307d723e192d7952ea04f0601,0,tw,TWD,台北市,1830,1,1,1,0,0,1,1000,1500,25.04,121.56,zh_TW,2356
e3c60d3acc5a7551a6bad5913d55eb0f60199f0f,0,tw,TWD,台北市,1530,1,1,0,1,1,0,300,600,25.04,121.55,zh_TW,2130
0bd1cbf54b7e6d780e37e1044e78fae1021937a9,0,tw,TWD,上海市,390,0,0,0,0,0,0,1000,1500,31.21,121.44,zh_TW,2909
a406a1335ec7bb9a7762f6c46e6bc0525c24d179,0,tw,TWD,上海市,390,0,0,0,0,0,0,1000,1500,31.21,121.44,zh_TW,2909
3b4be27bb434502b583941866528e0b35e83dcee,0,tw,TWD,上海市,390,0,0,0,0,0,0,1000,1500,31.27,121.51,zh_TW,2909
58eec555b1ca441c7b6d3e8c7608132012b839a4,0,tw,TWD,上海市,390,0,0,0,0,0,0,1000,1500,31.3,121.5,zh_TW,2909
1afd3b6a7e6328d3c232d396b4a2ee0835886160,0,tw,TWD,台北市,1410,1,1,1,0,0,1,639,1075,25.04,121.57,zh_TW,3034
0f401deed125dd0e1420ddcd6b66dd6201b5ce1e,0,tw,TWD,台北市,420,1,1,1,0,1,1,1200,4000,25.04,121.55,zh_TW,2752
c8be2bc3b7b18072c793ade7835215712e29470c,0,tw,TWD,台北市,630,1,1,0,0,0,0,300,800,25.04,121.55,zh_TW,2297
0723f9e3824fccb9fffb38400e654f4b99633a98,1,tw,TWD,台中市,1110,0,1,1,0,1,1,400,1200,24.15,120.64,zh_TW,2143
3ab2d93d3a32aeb430db8e391ca86b58a50d06b0,0,tw,TWD,台北市,1500,1,1,1,0,1,0,900,1404,25.03,121.55,zh_TW,2599
ecdf7239480dfe9307ec8972a0eb69fc187ffbe5,0,tw,TWD,台北市,0,1,1,0,0,1,0,400,600,25.04,121.55,zh_TW,2465
ef6fef3e94a4e03ffaa88bf674e90ff0db5339d8,0,tw,TWD,台北市,870,0,1,0,1,1,0,600,800,25.04,121.56,zh_TW,2088
f987fd66803f9c6d0931a8f61acbeaeb42c0ae09,0,tw,TWD,上海市,450,0,0,0,0,0,0,1500,2500,31.2,121.44,zh_TW,2909
42f5d444d4d12ebe456a99b89f811b725515637e,0,tw,TWD,台中市,750,0,1,0,0,0,0,317,589,24.14,120.66,zh_TW,3440
fc7f3644153593d23e944d652c3f0c76fd4efc92,0,tw,TWD,台中市,420,1,1,1,0,1,1,409,972,24.23,120.94,zh_TW,3781
1ec06496f332e1086e5411443abd376086873a4b,0,tw,TWD,上海市,390,0,0,0,0,0,0,1000,1500,31.21,121.45,zh_TW,2909
885d618c7453edfc6279ccbd40055a4bf2596ba4,0,tw,TWD,上海市,390,0,0,0,0,0,0,1500,2000,31.24,121.5,zh_TW,2909
561ac35fb60be8122a45ffba0c9e96656432844a,0,tw,TWD,台中市,900,1,1,1,0,0,0,500,600,24.15,120.64,zh_TW,2195
52cdb0b851186124f4f87771e6ba141e6cd1d4b2,0,tw,TWD,台中市,1140,1,1,1,0,0,0,500,1000,24.15,120.65,zh_TW,2194
ccd8b96785950debfff42bd7cef0b64707d11943,0,tw,TWD,台中市,1140,1,1,1,0,0,0,500,1000,24.16,120.66,zh_TW,2194
cc43828c939d2fc44bee1cdca904e83f99e44e7a,0,tw,TWD,台中市,1140,1,1,1,0,0,0,500,1000,24.23,120.94,zh_TW,2194
3fd4e53c1339d069be2bd1069b66f610eb6e2282,0,tw,TWD,台中市,1050,1,1,0,0,0,0,500,600,24.17,120.64,zh_TW,2143
721a4871d0feaf1d02c0b054bcf0d93df762ba19,0,tw,TWD,台北市,510,1,1,1,0,1,0,501,747,25.06,121.54,zh_TW,3066
38bf57013b09e7971758ac5e3db6eef4d2a356ea,0,tw,TWD,台北市,2040,1,1,1,0,1,1,628,875,25.05,121.56,zh_TW,2902
ffa498f17d0b9ec00fb8cf97eb8d819b8df9403e,0,tw,TWD,台北市,870,1,1,0,0,1,0,550,550,25.05,121.52,zh_TW,2592
ade4ef45d2866b1fc78d3a1850a81fb9206d5d10,0,tw,TWD,台北市,0,1,1,0,0,0,0,500,600,25.07,121.52,zh_TW,2483
0ec518271b278e4882d69d68bf94b0d813d3fcd0,0,tw,TWD,台北市,1770,1,0,0,0,1,0,350,500,25.04,121.55,zh_TW,2456
1201bce3f12267e46f93763849dc93e596008398,0,tw,TWD,台北市,0,1,0,0,0,0,0,600,800,25.05,121.55,zh_TW,2230
78682fadedbfbec4e14acf400b46c87b177023be,0,tw,TWD,台北市,900,1,1,1,0,0,0,500,600,25.04,121.54,zh_TW,2195
b901660373971aa17c0768fbf4336cc752f30cbc,0,tw,TWD,台北市,900,1,1,0,0,0,0,500,600,25.04,121.53,zh_TW,2195
2ae930ffc023a16dc84954853d24df976b5cbf1d,0,tw,TWD,台北市,1020,1,1,1,0,0,0,500,1000,25.05,121.56,zh_TW,2194
a20f077e2ad8ef0e2ea01f6a82de30d588c3676e,0,tw,TWD,台北市,1020,1,1,0,0,0,0,500,1000,25.05,121.54,zh_TW,2194
cd4fd86662ac138cb8e70dc17a51c52c669d69f6,0,tw,TWD,台北市,450,1,1,0,0,1,0,380,1000,25.03,121.55,zh_TW,2150
1ed3eb43fa356b726e382041c836b900becfebcc,0,tw,TWD,台北市,810,1,1,0,0,0,0,500,600,25.06,121.53,zh_TW,2143
0d7dfdffd1a939d7ed00682dd6dc234c824b669c,0,tw,TWD,台北市,0,1,0,0,0,0,0,549,659,25.05,121.54,zh_TW,2124
51e7100506735e54ce923f82a023c59573b4b477,0,tw,TWD,台南市,1500,1,0,1,0,1,1,350,900,22.98,120.22,zh_TW,2401
78446d7b09eff5d7650759dec3dbb7c7c436edc9,0,tw,TWD,基隆市,0,1,0,0,0,1,0,200,700,25.06,121.66,zh_TW,2243
bf39a6b0c690817f243f755c599cc46ce51a3d87,1,tw,TWD,新竹市,870,1,1,1,0,1,1,600,2000,24.81,120.98,zh_TW,2258
cf052055c85cc8f5f21b8f35213369ccd3eac1f1,0,tw,TWD,新竹縣,960,1,1,1,0,0,0,500,600,24.83,121.01,zh_TW,2194
fc4e7e99ed8cba64bb91b712ff53ba45f112e72a,0,tw,TWD,桃園縣,720,1,1,1,0,0,1,290,420,24.96,121.26,zh_TW,3265
cdf2032e5491839908840ecefe7d16f3daf3c154,0,tw,TWD,桃園縣,1050,1,1,0,0,0,0,505,604,25.05,121.29,zh_TW,2237
1f8e7d8bf6353e58eb270e4bcf45b039574dd2b7,0,tw,TWD,桃園縣,900,1,1,1,0,0,0,500,600,25.01,121.3,zh_TW,2195
ae416a172b963ed19b5d66e63ac7f2fa3e8405bd,0,tw,TWD,桃園縣,960,1,1,0,0,0,0,500,600,25.02,121.3,zh_TW,2194
977c4c2775a39b73c5fe022204088b289c7a1cba,0,tw,TWD,桃園縣,870,1,1,0,0,0,0,500,600,24.96,121.22,zh_TW,2143
a4fd797fbb6edc57e212e3e4a8264571d6719429,0,tw,TWD,高雄市,600,1,1,1,0,1,1,321,450,22.61,120.31,zh_TW,3055
0f086f61eae31f4472dddb971459902417d97f47,0,tw,TWD,高雄市,480,1,1,0,0,1,0,500,700,22.67,120.31,zh_TW,2396
bb36f6267519bc1c8e1a3f143bf3823a54ca089a,0,tw,TWD,高雄市,900,1,1,1,0,0,0,500,600,22.61,120.31,zh_TW,2195
6f2b81b9689f0fc3f08b20a7d9a3eefc480d3fc1,0,tw,TWD,高雄市,960,1,1,1,0,0,0,500,600,22.66,120.31,zh_TW,2194
5d0029feb3ca651a0fc2773f15ad5b8b34949309,0,tw,TWD,高雄市,1140,1,1,1,0,0,0,500,600,22.63,120.3,zh_TW,2194
1cc9f70482af9882c9bd127a7448871675a05f13,0,tw,TWD,台中市,0,0,1,1,0,0,0,264,373,24.24,120.57,zh_TW,3300
aa3de75a018e0cf1e0db96f08a8da2a20dd7688d,0,tw,TWD,台中市,660,1,1,1,0,0,0,362,395,24.04,120.72,zh_TW,2727
8baa7785f56964a7391ea0f48d5e17564cf1ff10,0,tw,TWD,台中市,1000,1,1,0,0,0,0,510,610,24.17,120.68,zh_TW,2418
46f609d2c7b02cb2d7f6df14637a042bf8898eed,0,tw,TWD,台中市,1050,1,1,0,0,0,0,505,604,24.15,120.67,zh_TW,2237
dbdcb9a926b64162739eb73380483bfd61982e7d,0,tw,TWD,台中市,1000,1,1,0,0,0,0,510,610,24.15,120.65,zh_TW,2179
4381177a32b17a7f4e9161534db2a88611d4e693,0,tw,TWD,台北市,0,1,1,0,0,0,1,351,467,25.05,121.51,zh_TW,2811
3b619d24f24d454c3a77ca82301e28bc9fb24ce5,0,tw,TWD,台北市,720,1,1,0,0,1,0,515,638,25.04,121.54,zh_TW,2769
cadea04a20938e1b80266a5d2b36d50ea477e8ce,0,tw,TWD,台北市,660,1,1,1,0,0,1,395,439,25.05,121.55,zh_TW,2727
c9799735b7e87386b9e90a808466ccc451ffe36e,0,tw,TWD,台北市,660,1,1,1,0,0,1,395,439,25.05,121.51,zh_TW,2727
3f7800f7e89a381447db580ff9f785ed9be4671a,0,tw,TWD,台北市,1000,1,1,0,0,0,0,510,610,25.05,121.51,zh_TW,2418
0abba465ffefb1544d9329c3cb73fff146540977,0,tw,TWD,台北市,1000,1,1,0,0,0,0,510,610,25.02,121.53,zh_TW,2418
11db5167fcd0bee1f4c80b735a5790bde9bab739,0,tw,TWD,台北市,1000,1,1,0,0,0,0,510,610,25.08,121.57,zh_TW,2418
5b4c9e48bdea3b58101f94a9d83410fc2737158e,0,tw,TWD,台北市,1000,1,1,0,0,0,0,510,610,25.12,121.52,zh_TW,2418
7e5c981a3ced417ef8c69904c9ae73dea8e19dbd,0,tw,TWD,台北市,1050,1,1,0,0,0,0,505,604,25.05,121.52,zh_TW,2237
6dd371036ef83bac827f09f1b484f356cd37adaa,0,tw,TWD,台南市,660,1,0,0,0,0,1,243,351,22.96,120.26,zh_TW,3172
1b95a47778f4856fc00c1ad2d05c1945e9c5aede,0,tw,TWD,台南市,660,1,1,1,0,0,1,362,395,22.97,120.22,zh_TW,2727
12902393f6d31f608fdeac12c9716441808314e1,0,tw,TWD,台南市,780,1,1,1,0,0,1,283,383,22.98,120.19,zh_TW,2509
afd48d6bf18021115af18ce1f916167dee317d51,0,tw,TWD,台南市,780,1,1,1,0,0,0,330,380,23.0,120.23,zh_TW,2458
1615e984829a54deb3a2ff92877de83721e22edd,0,tw,TWD,台南市,1000,1,1,0,0,0,0,510,610,22.99,120.19,zh_TW,2418
32e2af8b420f61699ba07a96a7ccc5f7afca9814,0,tw,TWD,台南市,1000,1,1,0,0,0,0,510,610,22.97,120.25,zh_TW,2178
4d726c5c8d9f8d4bc4c7055abfc2ceb14c06ef77,0,tw,TWD,嘉義市,0,1,1,1,0,0,1,258,369,23.47,120.44,zh_TW,3392
ef395555261082043d8463685101de0942cfe2e8,0,tw,TWD,嘉義市,1000,1,1,0,0,0,0,510,610,23.47,120.43,zh_TW,2178
87f952112d1ca8370b36221988e8b654027a6177,0,tw,TWD,嘉義市,1050,1,1,0,0,0,0,505,604,23.47,120.43,zh_TW,2178
a2201cc233422e1661532619f749d77dd231feec,0,tw,TWD,基隆市,1000,1,1,0,0,0,0,510,610,25.11,121.71,zh_TW,2418
97397af91156939916d658ed08021d7abc952599,0,tw,TWD,屏東縣,1000,1,1,0,0,0,0,510,610,22.67,120.49,zh_TW,2334
51577510be8e4b3c46a7050f3ae21e6ba44eb2a0,0,tw,TWD,屏東縣,1050,1,1,0,0,0,0,505,604,22.67,120.49,zh_TW,2188
d3cead93c73e5ce650897279e7c853c293f62495,0,tw,TWD,新北市,0,1,1,1,0,1,1,299,425,25.05,121.46,zh_TW,3300
1620f76b91375dd279a87785ad7c5148384bef73,0,tw,TWD,新北市,780,1,1,0,0,0,0,359,399,25.02,121.42,zh_TW,2529
71686ffd88d4ea76194af8ff458f9b8edfeb2f47,0,tw,TWD,新北市,780,1,1,1,0,0,0,359,399,25.03,121.47,zh_TW,2529
cfe1cb9cbe2c5a7878805f4b462d3c43e50092a7,0,tw,TWD,新北市,1000,1,1,0,0,0,0,510,610,25.02,121.46,zh_TW,2418
fa5040946dd3eaf7ab5180f7d8f73f9d9f5f3bcf,0,tw,TWD,新北市,1000,1,1,0,0,0,0,510,610,24.98,121.54,zh_TW,2418
b465bd11480df99fa6553e84ec84d7fafe481c5e,0,tw,TWD,新北市,1000,1,1,0,0,0,0,510,610,25.0,121.5,zh_TW,2418
df49661f469977b0994b19f0413b291790e7d5be,0,tw,TWD,新北市,1000,1,1,0,0,0,0,510,610,25.03,121.44,zh_TW,2418
9158c13570bf12cdc18afb985e3c37cb22445c4d,0,tw,TWD,新北市,150,1,1,1,0,0,0,329,400,25.03,121.44,zh_TW,2398
8fb06e9c1b8cf17254ecb3b6d33967a134e4a447,0,tw,TWD,新北市,1000,1,1,0,0,0,0,510,610,25.09,121.49,zh_TW,2188
3844e8f55c05a5c8fc21a4c234efe3448ceee209,0,tw,TWD,新北市,0,0,1,0,0,1,0,549,599,25.01,121.46,zh_TW,2104
29db61cb0e53ca51df95bc43d884d7d1d5ab695c,0,tw,TWD,新北市,0,1,1,0,0,0,0,0,0,25.01,121.46,zh_TW,2083
c43b4cc5ccff00cba2f2bfc8602f44bffc6e7ddd,0,tw,TWD,新竹市,660,1,1,1,0,0,0,395,439,24.8,121.01,zh_TW,2727
215236194fcd9971a046dbfa716d73bb68be05ba,0,tw,TWD,新竹市,1000,1,1,0,0,0,0,510,610,24.8,120.99,zh_TW,2418
5cc38bfd1678f79da8f49158717e4e1ab4dcbcd8,0,tw,TWD,新竹市,150,1,1,1,0,0,0,329,400,24.81,120.96,zh_TW,2398
0714562e9c0cc89b2d50133a80f5f294b36d7923,0,tw,TWD,新竹縣,780,1,1,0,0,0,0,359,399,24.83,121.02,zh_TW,2529
254baa1b49f59b93affddd46399d836da6cd9091,0,tw,TWD,桃園縣,780,1,1,0,0,0,0,359,399,24.96,121.25,zh_TW,2525
1ae45f0d9b5c0901d795a3693c1ff663ed20c2d5,0,tw,TWD,桃園縣,1000,1,1,0,0,0,0,510,610,25.01,121.31,zh_TW,2418
b69571adc19cd2eeaeffd7ee3cb1568c5d6441be,0,tw,TWD,桃園縣,1000,1,1,0,0,0,0,510,610,25.06,121.36,zh_TW,2418
5ba7543c68b918364305ed26e5b34c1413e190a5,0,tw,TWD,桃園縣,1000,1,1,0,0,0,0,510,610,24.96,121.23,zh_TW,2418
21684df0806e4bce97ec2727bbce51d850d525dc,0,tw,TWD,桃園縣,150,1,1,1,0,0,0,329,400,25.01,121.3,zh_TW,2398
04ea0470ed59b38415c589cd9344be7aa1038c5f,0,tw,TWD,桃園縣,150,1,1,1,0,0,0,329,400,24.94,121.22,zh_TW,2398
03798944daccade199542a2ddc85a4852510a2d5,0,tw,TWD,桃園縣,1050,1,1,0,0,0,0,505,604,24.96,121.22,zh_TW,2188
b332c806eb274553491918682f9234eaf34584f7,0,tw,TWD,苗栗縣,1000,1,1,0,0,0,0,510,610,24.57,120.82,zh_TW,2109
4ae7cf9a71425c1ff4d09d6647ad2960d13db0b8,0,tw,TWD,雲林縣,0,1,1,1,0,1,0,274,385,23.7,120.54,zh_TW,2930
51fec7cda5e9079c27c5e0eb0151b0218a561432,0,tw,TWD,高雄市,0,1,1,1,0,0,1,284,409,22.65,120.33,zh_TW,3392
4a1a05533d78f7b629233cc335dd5d407bd3e6bb,0,tw,TWD,高雄市,660,1,1,1,0,0,1,362,395,22.63,120.32,zh_TW,2727
cffe05c8e8e0b72cfeca942daa05f08156e5c7ee,0,tw,TWD,高雄市,1000,1,1,0,0,0,0,510,610,22.62,120.3,zh_TW,2418
04831f0020db369c5a6c7ce621dcbc97d5ab8e11,0,tw,TWD,高雄市,1000,1,1,0,0,0,0,510,610,22.63,120.35,zh_TW,2418
deec7c07bf41f6a3148a7b289e4248babddccf16,0,tw,TWD,高雄市,1050,1,1,0,0,0,0,505,604,22.61,120.31,zh_TW,2305
bed489bf743537129bcbc4e283fac46a00d31b0a,1,hk,HKD,香港,750,0,0,0,0,0,0,150,300,22.32,114.17,zh_TW,2201
e3d1ff4941f69da6c07d79f4c36112d942cac57b,1,tw,TWD,台南市,0,1,1,1,1,1,1,380,480,23.0,120.21,zh_TW,2721
910ee5bd1008b589f27be26af7ebe2da46c8600e,0,tw,TWD,台中市,780,1,1,1,0,1,1,371,518,24.09,120.74,zh_TW,3187
c5e3325051eab0d50ad2544e617d9a74ce433b2c,0,tw,TWD,台南市,780,1,1,1,0,0,1,350,478,23.0,120.24,zh_TW,3435
269da060b1605a1a77e6bcf468c31842de061c58,0,tw,TWD,新竹市,780,1,1,1,0,0,1,420,553,24.8,120.99,zh_TW,3208
f88c23080c1959dd17d488ca75af168e10d0b31b,0,tw,TWD,新竹縣,780,1,1,0,0,0,1,431,580,24.83,121.01,zh_TW,3208
de9a1f61ad09421d1271bc355be4cda1db6a5a83,0,tw,TWD,高雄市,780,1,1,1,0,1,1,370,505,22.6,120.34,zh_TW,3483
fab2d8bc998f09d5da120e96141fe59b3301f077,0,tw,TWD,上海市,450,0,0,0,0,0,0,1500,3000,30.6,114.62,zh_TW,2909
cc63f96720a8b05c1023d49663e772fb6d7a87c6,0,tw,TWD,台北市,780,1,1,1,0,0,1,427,685,25.09,121.56,zh_TW,3784
cefd4f165bb1beb7adeab41e2e32e6eccaa3b9a3,0,tw,TWD,台北市,780,1,1,1,0,1,0,412,676,25.06,121.53,zh_TW,3781
846c81feef83f680e06eb0039b81931f9d81b720,1,tw,TWD,高雄市,420,1,1,1,0,1,0,824,1960,22.63,120.29,zh_TW,3781
7529dc47392c9770a732e1f46f86e6a2adea87f7,0,tw,TWD,台北市,810,1,0,1,0,1,1,427,647,25.04,121.5,zh_TW,3119
fdf4911e325c2733aa5cb89523aaeea7382562c6,0,tw,TWD,台南市,990,1,1,1,0,1,0,340,475,23.32,120.31,zh_TW,3781
875a98fc5e742bc0316c21ef3a2fee8cf29328a3,0,tw,TWD,桃園縣,120,1,1,1,0,1,1,445,631,25.01,121.3,zh_TW,2929
aec440ffed1bd870d4cf09bd8e74f596cae00567,0,tw,TWD,高雄市,600,1,1,1,0,1,1,400,800,22.62,120.3,zh_TW,2369
a729696fd3eb94889fa7d921e42625d1240beee9,0,tw,TWD,台北市,420,1,1,1,0,1,0,600,800,25.02,121.55,zh_TW,2124
d9df2b5a08dc6b6f4a02428f836fc6165d3dc927,0,tw,TWD,台南市,1140,1,1,1,0,0,0,400,600,22.99,120.19,zh_TW,3482
5551addcc15888030e20818618f73f0c93385499,0,tw,TWD,台中市,1140,1,1,1,0,0,0,388,788,24.14,120.69,zh_TW,2197
1826621a15db29009eb8ab48da17a6f32b23c8b6,0,tw,TWD,台中市,2580,1,1,1,0,1,1,529,720,24.15,120.65,en_US,2076
3c6f653b009af59dfac9ce6ffa7c775c15428be7,0,tw,TWD,台北市,630,1,1,1,0,1,1,1168,2175,25.04,121.57,zh_TW,2816
c6c65819b098694014e9f388c9743e9362a802c1,0,tw,TWD,台北市,2040,1,1,0,0,1,0,600,800,25.04,121.57,zh_TW,2448
f25fc7b1ecf924d5731ad9f2c9ff84060bb71e0f,0,tw,TWD,台北市,540,1,1,0,0,1,0,1000,1700,25.03,121.55,zh_TW,2205
5cdcd11f227633c600ca6babfc21c20694fc5fee,0,tw,TWD,台北市,450,1,1,0,0,1,0,800,3000,25.07,121.59,zh_TW,2160
489a6e15d7cb405a86cee85bbe6ec746bb44927a,0,tw,TWD,台北市,390,1,1,0,0,0,1,3000,7000,25.03,121.55,zh_TW,2160
6cad316cf0f69279e401ae1e8d5e951da1b7e68f,0,tw,TWD,台中市,0,1,1,1,0,0,0,271,401,24.17,120.66,zh_TW,3299
bdac238633cbf8aa28519334198d8c2da2a95607,0,tw,TWD,台中市,0,1,1,1,0,0,0,265,381,24.23,120.64,zh_TW,3299
42a1a8461e8d7e122212d16aaa8fc3e451be17d3,0,tw,TWD,高雄市,1230,1,1,1,0,1,1,469,582,22.65,120.33,zh_TW,2705
0abd5db9e0195fd168018352ec6766131d8861b8,0,tw,TWD,台南市,330,1,1,0,0,0,0,341,450,23.0,120.21,zh_TW,3860
6d6ecb46e7bccd14d60bf0d8337e83b67ed2bb68,0,tw,TWD,台中市,780,1,1,1,0,0,0,383,520,24.17,120.66,zh_TW,3627
b914e9fadcbc4258be6151edf133b826e9d0b1a1,0,tw,TWD,台南市,780,1,1,1,0,1,0,370,501,22.99,120.19,zh_TW,3545
3b0a120f44fd67966c324c2994f5e00007f87737,0,tw,TWD,新北市,780,1,1,1,0,0,1,420,549,24.97,121.44,zh_TW,3306
42531ceda419a5e61038b99316666c8367a47bee,0,tw,TWD,桃園縣,780,1,1,1,0,1,0,420,597,25.01,121.3,zh_TW,3306
04acd01edee62df179878804225867165486f715,0,tw,TWD,桃園縣,780,1,1,1,0,1,1,427,559,24.96,121.22,zh_TW,3306
4c2482db52d0b9aad0f0c734772e54fd2e30118b,0,tw,TWD,桃園縣,780,1,1,1,0,0,0,457,596,24.95,121.3,zh_TW,3192
dc05e6a28be9b60f1444eb1966b0c1c1dd17c728,0,tw,TWD,高雄市,780,1,1,1,0,1,1,380,523,22.64,120.35,zh_TW,3627
dc1c909c061eeab3a7aa1a132077847e24238323,0,tw,TWD,高雄市,780,1,1,1,0,1,1,379,531,22.67,120.31,zh_TW,3627
b47c020aae85cef3c4afb31def69bcd2ddd94277,0,tw,TWD,高雄市,720,1,1,1,0,1,1,375,504,22.73,120.31,zh_TW,3545
d220bb5573ce1e919f42b5974933052a06caece4,0,tw,TWD,高雄市,540,1,1,1,0,1,0,300,500,22.66,120.29,zh_TW,2174
eea3db8f22f94ddaeeffd80034600e0756a1c58c,0,tw,TWD,台南市,480,1,1,0,0,1,1,440,620,22.99,120.17,zh_TW,3781
0440fa58189659753549994d29071183b6be0a96,1,tw,TWD,台中市,1740,1,1,1,0,1,1,500,800,24.16,120.66,zh_TW,2151
76e22d1c7e23c442c3632b15bbe642c95207781d,0,tw,TWD,台中市,660,1,1,1,0,0,1,340,482,24.04,120.72,zh_TW,3294
da006f94fbe0362f07f5c0f2068505a9ea860425,0,tw,TWD,新竹市,660,1,1,1,0,0,1,366,494,24.81,120.98,zh_TW,2937
7ff292acab039a80acdf847a9d2a91a3432a2deb,0,tw,TWD,高雄市,660,1,1,1,0,1,0,322,501,22.62,120.3,zh_TW,3603
606676cfa47322b1f68e6ca0eae2e18aee2c2eff,0,tw,TWD,上海市,450,0,0,0,0,0,0,1000,1500,31.23,121.46,zh_TW,2909
0fba71895320612b8a4ddfd819892ee18d4622bb,0,tw,TWD,上海市,450,0,0,0,0,0,0,1000,1500,31.23,121.46,zh_TW,2909
eb2e50a3be95030573162a816703a937210141fd,0,tw,TWD,台北市,450,1,1,1,0,1,1,457,699,25.05,121.52,zh_TW,3720
ab6d56930512d29762bb3f4ee8831286355f7a76,0,tw,TWD,台北市,450,1,1,1,0,1,1,476,759,25.04,121.54,zh_TW,3720
9d594f6791c56b6da7068042fcb885b324ff3338,0,tw,TWD,台北市,450,1,1,1,0,1,1,443,644,25.11,121.53,zh_TW,3720
4bdd8dc5fede596dc67f680bb4e78a9cb1748c78,0,tw,TWD,台北市,510,1,1,0,0,1,0,318,500,25.06,121.56,zh_TW,3148
7c99eece8c54b7909605fcae851e980a14a0cf1c,0,tw,TWD,台北市,480,1,0,1,0,0,0,440,515,25.03,121.56,zh_TW,3045
bbc8540125592bc0ee33cd4cd80462a282009313,0,tw,TWD,台北市,450,1,1,1,0,0,0,370,484,25.04,121.56,zh_TW,2795
16562f65572d31b6e4d442ad9b4f2d8848301a9f,0,tw,TWD,台北市,0,1,1,1,0,1,1,500,1000,25.04,121.56,zh_TW,2369
45dfab05a3e3acd3386712aaa603c04771ff1c58,0,tw,TWD,台北市,0,1,1,0,0,1,1,300,600,25.04,121.55,zh_TW,2318
041990783f6d1782305fb43716e8b28e6ecb97ec,0,tw,TWD,台北市,450,1,0,0,0,1,0,400,700,25.04,121.55,zh_TW,2223
a0903a342b0ec0631ff1da60e31b08f75661ffdb,0,tw,TWD,台南市,480,1,1,0,0,1,1,376,569,23.0,120.18,zh_TW,2789
7f9b983b32ff4c5843921be90d0fd9dfd68d535f,0,tw,TWD,台南市,660,1,0,1,0,1,0,450,500,22.99,120.2,zh_TW,2341
75fcc114f296201956bc7c52262278106db52f6e,0,tw,TWD,新北市,450,1,1,0,0,0,1,280,432,25.0,121.52,zh_TW,3781
bb20bf43dc7707c57984b47f73c53676b30b0a41,0,tw,TWD,桃園縣,360,1,1,1,0,1,1,427,592,24.96,121.22,zh_TW,3781
9eaee75c67f25c77aa574ab185e434e0ebbcacdd,0,tw,TWD,桃園縣,660,1,1,1,0,1,0,450,500,24.96,121.23,zh_TW,2341
c4966f8faa7eb5ce9f76c440b375203ce999acdd,0,tw,TWD,高雄市,570,1,1,1,0,0,0,324,476,22.66,120.32,zh_TW,3511
24d21c0810f2cd6dc5f6b563ba67b9ccae4635eb,0,tw,TWD,高雄市,450,1,1,1,0,1,1,468,735,23.01,120.67,zh_TW,3481
b3d888c852aa168219054a90999d07f4f227759d,1,tw,TWD,高雄市,1380,0,1,1,0,0,1,365,493,22.66,120.32,zh_TW,2529
95e6878c4f89e23c9975e8519a15c4d477385d18,0,tw,TWD,台北市,450,1,1,0,0,1,0,500,900,25.03,121.53,zh_TW,2671
a04ef92b761ad40347527fb03e565021ec64cab7,1,tw,TWD,台北市,420,1,1,1,0,1,1,808,1336,25.05,121.52,zh_TW,3781
a9cc59b340713f9e00ded58db90284ae9afc7fdb,0,tw,TWD,高雄市,390,1,1,1,1,1,1,300,600,22.59,120.31,zh_TW,2552
5e2a6c08e0994abe3324768b916d1bae560a8705,0,tw,TWD,上海市,390,0,0,0,0,0,0,400,525,31.23,121.45,zh_TW,2909
78dde98fc654a68819a48adf6d1bf7f6814a1a83,0,tw,TWD,上海市,390,0,0,0,0,0,0,200,340,31.21,121.44,zh_TW,2909
a9e73d22d06e4a22c80d5e81f791dea41cef3c25,0,tw,TWD,上海市,390,0,0,0,0,0,0,200,300,31.21,121.47,zh_TW,2909
7e779ce42802d2f392369e54a2c4095d76e8023c,0,tw,TWD,上海市,390,0,0,0,0,0,0,200,300,31.23,121.56,zh_TW,2909
6df61c857f0ca8724dca9b5a86ed83b377068ae4,0,tw,TWD,台北市,480,1,1,1,0,0,0,500,1000,25.04,121.57,zh_TW,2298
